id,name,post_code,state,locality,latitude,longitude,sqkm,population_male,population_female,population_total,avg_income
10000,Abbotsbury,2176.0,NSW,Fairfield City Council,-33.875,150.862,4.978800000000001,2076.0,2177.0,4253.0,51269.0
10001,Abbotsford,2046.0,NSW,City of Canada Bay Council,-33.85215,151.12726,1.018,2542.0,2838.0,5380.0,83192.0
10002,Acacia Gardens,2763.0,NSW,City of Blacktown,-33.7322,150.917,1.0012999999999996,1898.0,1899.0,3797.0,56936.0
10003,Agnes Banks,2753.0,NSW,,-33.61529,150.71616,15.474999999999998,472.0,440.0,912.0,56367.0
10004,Airds,2560.0,NSW,Campbelltown City Council,-34.0916,150.8249,2.3808000000000002,1333.0,1591.0,2924.0,51254.0
10005,Alexandria,2015.0,NSW,Council of the City of Sydney,-33.9080273,151.1902576,3.5155999999999996,4214.0,4054.0,8268.0,81428.0
10006,Alfords Point,2234.0,NSW,Sutherland Shire,-33.9848,151.02142,2.5664999999999996,1524.0,1585.0,3109.0,66945.0
10007,Allambie Heights,2100.0,NSW,Northern Beaches Council,-33.7624,151.25,6.674599999999998,3404.0,3605.0,7009.0,71830.0
10008,Allawah,2218.0,NSW,Kogarah City Council,-33.9749,151.1167,0.5837000000000001,2857.0,2852.0,5709.0,50054.0
10009,Ambarvale,2560.0,NSW,Campbelltown City Council,-34.08333,150.80067,2.8822,3598.0,3782.0,7380.0,51254.0
10010,Annandale,2038.0,NSW,,-33.8814,151.1707,1.4930999999999994,4543.0,4911.0,9454.0,91942.0
10011,Annangrove,2156.0,NSW,The Hills Shire,-33.65255,150.94096,10.246400000000001,724.0,669.0,1393.0,82028.0
10012,Arcadia,2159.0,NSW,The Council of the Shire of Hornsby,-33.62429,151.04455,22.4088,698.0,685.0,1383.0,73327.0
10013,Arncliffe,2205.0,NSW,Bayside Council,-33.93915010000001,151.1478116,2.942899999999998,5307.0,5283.0,10590.0,53023.0
10014,Arndell Park,2148.0,NSW,City of Blacktown,-33.79,150.876,2.0008,28.0,6.0,34.0,49049.0
10015,Artarmon,2064.0,NSW,City of Willoughby,-33.8093311,151.185647,2.5348,4654.0,4876.0,9530.0,83072.0
10016,Ashbury,2193.0,NSW,,-33.8997098,151.1199309,1.0312,1654.0,1675.0,3329.0,58677.0
10017,Ashcroft,2168.0,NSW,City of Liverpool,-33.91447,150.8987392,1.1538999999999997,1753.0,1827.0,3580.0,46804.0
10018,Ashfield,2131.0,NSW,Inner West Council,-33.8889,151.1249,3.414299999999998,11773.0,12067.0,23840.0,53554.0
10019,Asquith,2077.0,NSW,The Council of the Shire of Hornsby,-33.689,151.105,3.501700000000001,1621.0,1759.0,3380.0,59469.0
10020,Auburn,2144.0,NSW,Cumberland Council,-33.8605837,151.02475,8.5637,20570.0,16799.0,37369.0,37685.0
10021,Austral,2179.0,NSW,City of Liverpool,-33.93109,150.79361,17.6607,1523.0,1504.0,3027.0,56990.0
10022,Avalon Beach,2107.0,NSW,Northern Beaches Council,-33.6302836,151.3297698,5.1313,4830.0,5078.0,9908.0,84194.0
10023,Badgerys Creek,2555.0,NSW,,-33.8828765,150.7608502,26.981000000000005,111.0,109.0,220.0,
10024,Balgowlah,2093.0,NSW,Northern Beaches Council,-33.79645,151.25854,1.9589999999999985,3827.0,4133.0,7960.0,101350.0
10025,Balgowlah Heights,2093.0,NSW,Northern Beaches Council,-33.8072234,151.2641654,1.6838,1625.0,1720.0,3345.0,101350.0
10026,Balmain,2041.0,NSW,Inner West Council,-33.85895,151.17906,1.5378000000000005,5019.0,5433.0,10452.0,127913.0
10027,Balmain East,2041.0,NSW,Inner West Council,-33.85811,151.19017,0.3429999999999999,952.0,986.0,1938.0,127913.0
10028,Bangor,2234.0,NSW,Sutherland Shire,-34.01908,151.02735,3.9221,2764.0,2804.0,5568.0,66945.0
10029,Banksia,2216.0,NSW,Bayside Council,-33.94776,151.14806,0.9567999999999998,1674.0,1709.0,3383.0,51558.0
10030,Banksmeadow,2019.0,NSW,Bayside Council,-33.95731,151.20699,3.5881,10.0,6.0,16.0,65432.0
10031,Bankstown,2200.0,NSW,Bankstown City Council,-33.91817,151.03497,6.392699999999998,15831.0,16283.0,32114.0,44708.0
10032,Bankstown Aerodrome,2198.0,NSW,Bankstown City Council,-33.9216102,150.9860137,3.7302000000000004,0.0,0.0,0.0,52007.0
10033,Barangaroo,2000.0,NSW,,-33.8637941,151.2022304,0.2227,104.0,80.0,184.0,66698.0
10034,Barden Ridge,2234.0,NSW,Sutherland Shire,-34.032,151.01,5.599100000000001,2135.0,2196.0,4331.0,66945.0
10035,Bardia,2565.0,NSW,Campbelltown City Council,-33.9782167,150.8578648,2.1100999999999996,807.0,795.0,1602.0,54549.0
10036,Bardwell Park,2207.0,NSW,Bayside Council,-33.93539,151.12541,0.9557000000000002,1100.0,1135.0,2235.0,56027.0
10037,Bardwell Valley,2207.0,NSW,Bayside Council,-33.937,151.133,0.6271000000000001,1111.0,1211.0,2322.0,56027.0
10038,Bass Hill,2197.0,NSW,Bankstown City Council,-33.90092,150.9949,2.9286000000000008,4469.0,4603.0,9072.0,47854.0
10039,Baulkham Hills,2153.0,NSW,,-33.7619106,150.9929255,16.003100000000003,18139.0,18917.0,37056.0,64558.0
10040,Bayview,2104.0,NSW,Northern Beaches Council,-33.658,151.288,3.7398,1659.0,1957.0,3616.0,95246.0
10041,Beacon Hill,2100.0,NSW,Northern Beaches Council,-33.7522,151.256,2.6050999999999993,3733.0,3731.0,7464.0,71830.0
10042,Beaconsfield,2015.0,NSW,Council of the City of Sydney,-33.91096,151.19995,0.1728,516.0,473.0,989.0,81428.0
10043,Beaumont Hills,2155.0,NSW,The Hills Shire,-33.7,150.941,3.1896,4494.0,4546.0,9040.0,68262.0
10044,Beecroft,2119.0,NSW,The Council of the Shire of Hornsby,-33.7511096,151.0651688,5.1174,4451.0,4942.0,9393.0,85771.0
10045,Belfield,2191.0,NSW,,-33.905,151.084,1.7826000000000004,3054.0,3262.0,6316.0,54981.0
10046,Bella Vista,2153.0,NSW,The Hills Shire,-33.7385583,150.9502708,3.8003,3869.0,3963.0,7832.0,64558.0
10047,Bellevue Hill,2023.0,NSW,Woollahra Municipal Council,-33.88101,151.25253,2.373199999999999,5222.0,5496.0,10718.0,169334.0
10048,Belmore,2192.0,NSW,Canterbury City Council,-33.919672,151.0896126,2.7309000000000005,6337.0,6386.0,12723.0,46619.0
10049,Belrose,2085.0,NSW,Northern Beaches Council,-33.73,151.22,13.636,4225.0,4554.0,8779.0,72783.0
10050,Berala,2141.0,NSW,Cumberland Council,-33.87487,151.03073,2.1278,4689.0,4361.0,9050.0,44740.0
10051,Berkshire Park,2765.0,NSW,Penrith City Council,-33.6886,150.78165,19.2667,1337.0,796.0,2133.0,59890.0
10052,Berowra,2081.0,NSW,The Council of the Shire of Hornsby,-33.62797380000001,151.1480265,8.2969,2353.0,2365.0,4718.0,65481.0
10053,Berowra Creek,2082.0,NSW,The Council of the Shire of Hornsby,-33.5292626,151.139068,1.3071,8.0,8.0,16.0,66538.0
10054,Berowra Heights,2082.0,NSW,The Council of the Shire of Hornsby,-33.61334,151.138,8.003799999999998,2593.0,2666.0,5259.0,66538.0
10055,Berowra Waters,2082.0,NSW,The Council of the Shire of Hornsby,-33.602344,151.120659,0.37670000000000003,62.0,60.0,122.0,66538.0
10056,Berrilee,2159.0,NSW,The Council of the Shire of Hornsby,-33.61547,151.09811,12.0651,121.0,111.0,232.0,73327.0
10057,Beverley Park,2217.0,NSW,Kogarah City Council,-33.97897,151.1285,1.0054999999999998,1202.0,1197.0,2399.0,56033.0
10058,Beverly Hills,2209.0,NSW,,-33.9488484,151.0803942,2.9825,4892.0,5257.0,10149.0,51242.0
10059,Bexley,2207.0,NSW,Bayside Council,-33.9525324,151.1226904,4.3661,9632.0,10099.0,19731.0,56027.0
10060,Bexley North,2207.0,NSW,Bayside Council,-33.9418,151.1114,1.2042999999999997,1994.0,2104.0,4098.0,56027.0
10061,Bickley Vale,2570.0,NSW,Camden Council,-34.08,150.665,,,,,62726.0
10062,Bidwill,2770.0,NSW,City of Blacktown,-33.7315556,150.8231418,1.5129,1996.0,2287.0,4283.0,46062.0
10063,Bilgola Beach,2107.0,NSW,Northern Beaches Council,-33.6444858,151.3275826,0.3509,120.0,128.0,248.0,84194.0
10064,Bilgola Plateau,2107.0,NSW,Northern Beaches Council,-33.6429152,151.3137307,1.3923,1751.0,1768.0,3519.0,84194.0
10065,Birchgrove,2041.0,NSW,Inner West Council,-33.85275,151.18024,0.5857999999999999,1548.0,1756.0,3304.0,127913.0
10066,Birrong,2143.0,NSW,Bankstown City Council,-33.893,151.023,1.1957999999999998,1526.0,1583.0,3109.0,45722.0
10067,Blackett,2770.0,NSW,City of Blacktown,-33.73934,150.81266,1.0632,1657.0,1789.0,3446.0,46062.0
10068,Blacktown,2148.0,NSW,City of Blacktown,-33.76680690000001,150.905298,16.057099999999984,23761.0,23411.0,47172.0,49049.0
10069,Blair Athol,2560.0,NSW,Campbelltown City Council,-34.063,150.8,0.9008999999999999,1444.0,1433.0,2877.0,51254.0
10070,Blairmount,2559.0,NSW,Campbelltown City Council,-34.04881,150.78734,2.9291,217.0,206.0,423.0,42007.0
10071,Blakehurst,2221.0,NSW,Kogarah City Council,-33.9897654,151.1080239,2.3129000000000004,3046.0,3179.0,6225.0,71605.0
10072,Bligh Park,2756.0,NSW,Hawkesbury City Council,-33.638,150.799,2.1151000000000004,3075.0,3287.0,6362.0,58226.0
10073,Bondi,2026.0,NSW,Waverley Council,-33.89195,151.26099,0.8648000000000001,4958.0,5096.0,10054.0,94839.0
10074,Bondi Beach,2026.0,NSW,Waverley Council,-33.8914755,151.2766845,1.2193,5831.0,5824.0,11655.0,94839.0
10075,Bondi Junction,2022.0,NSW,Waverley Council,-33.89145,151.2497,1.0791999999999997,4530.0,4907.0,9437.0,88690.0
10076,Bonnet Bay,2226.0,NSW,Sutherland Shire,-34.01025,151.05238,1.1299,1141.0,1124.0,2265.0,70130.0
10077,Bonnyrigg,2177.0,NSW,Fairfield City Council,-33.89812,150.89006,3.0422,4174.0,4491.0,8665.0,48330.0
10078,Bonnyrigg Heights,2177.0,NSW,Fairfield City Council,-33.89112,150.87206,2.1536999999999993,3623.0,3678.0,7301.0,48330.0
10079,Bossley Park,2176.0,NSW,Fairfield City Council,-33.86341,150.88364,4.535799999999999,7220.0,7361.0,14581.0,51269.0
10080,Botany,2019.0,NSW,Bayside Council,-33.9469267,151.1973167,3.2109999999999994,5408.0,5414.0,10822.0,65432.0
10081,Bow Bowing,2566.0,NSW,Campbelltown City Council,-34.01853,150.83816,0.7633000000000001,805.0,803.0,1608.0,49773.0
10082,Box Hill,2765.0,NSW,The Hills Shire,-33.65,150.88,14.0794,460.0,442.0,902.0,59890.0
10083,Bradbury,2560.0,NSW,Campbelltown City Council,-34.08734,150.81626,3.7338,4308.0,4495.0,8803.0,51254.0
10084,Breakfast Point,2137.0,NSW,City of Canada Bay Council,-33.844,151.1129,0.5241999999999999,1947.0,2240.0,4187.0,75074.0
10085,Brighton-Le-Sands,2216.0,NSW,Bayside Council,-33.9590873,151.1520593,,,,,51558.0
10086,Bringelly,2556.0,NSW,,-33.92178,150.73234,40.2134,1289.0,1215.0,2504.0,57165.0
10087,Bronte,2024.0,NSW,Waverley Council,-33.90532,151.26069,1.3314000000000001,3333.0,3397.0,6730.0,117744.0
10088,Brooklyn,2083.0,NSW,The Council of the Shire of Hornsby,-33.5483592,151.2149798,32.1375,381.0,343.0,724.0,62178.0
10089,Brookvale,2100.0,NSW,Northern Beaches Council,-33.7653,151.27041,2.1951,1571.0,1588.0,3159.0,71830.0
10090,Bundeena,2230.0,NSW,Sutherland Shire,-34.08341619999999,151.1515469,1.1786000000000003,921.0,996.0,1917.0,80580.0
10091,Bungarribee,2767.0,NSW,City of Blacktown,-33.7778159,150.8638434,2.4576,1346.0,1290.0,2636.0,51814.0
10092,Burraneer,2230.0,NSW,Sutherland Shire,-34.06996,151.13664,1.4477999999999998,1766.0,1825.0,3591.0,80580.0
10093,Burwood,2134.0,NSW,Burwood Council,-33.8773941,151.1036621,2.4345,7670.0,8359.0,16029.0,49748.0
10094,Burwood Heights,2136.0,NSW,Burwood Council,-33.8902,151.1052,0.22599999999999998,440.0,544.0,984.0,57076.0
10095,Busby,2168.0,NSW,City of Liverpool,-33.91413000000001,150.88247,1.2111,2107.0,2179.0,4286.0,46804.0
10096,Cabarita,2137.0,NSW,City of Canada Bay Council,-33.84802,151.11485,0.49909999999999993,960.0,1000.0,1960.0,75074.0
10097,Cabramatta,2166.0,NSW,Fairfield City Council,-33.8954675,150.9384081,5.041499999999997,10633.0,11152.0,21785.0,42996.0
10098,Cabramatta West,2166.0,NSW,Fairfield City Council,-33.8947,150.915,1.8277999999999996,3516.0,3708.0,7224.0,42996.0
10099,Caddens,2747.0,NSW,Penrith City Council,-33.7745325,150.7374139,1.6933,726.0,754.0,1480.0,54181.0
10100,Cambridge Gardens,2747.0,NSW,Penrith City Council,-33.738,150.721,0.7727,986.0,1034.0,2020.0,54181.0
10101,Cambridge Park,2747.0,NSW,Penrith City Council,-33.748333,150.734444,2.6154,3329.0,3397.0,6726.0,54181.0
10102,Camden,2570.0,NSW,Camden Council,-34.054444,150.695833,4.6376,1523.0,1709.0,3232.0,62726.0
10103,Camden South,2570.0,NSW,Camden Council,-34.08539,150.70744,4.236300000000001,2224.0,2315.0,4539.0,62726.0
10104,Camellia,2142.0,NSW,City of Parramatta Council,-33.8194143,151.0333082,0.5638,0.0,0.0,0.0,43919.0
10105,Cammeray,2062.0,NSW,North Sydney Council,-33.8229724,151.2102367,1.5527000000000004,3283.0,3721.0,7004.0,107131.0
10106,Campbelltown,2560.0,NSW,Campbelltown City Council,-34.0666148,150.8195571,11.391300000000003,6131.0,6442.0,12573.0,51254.0
10107,Camperdown,2050.0,NSW,,-33.88622429999999,151.1791091,1.5171999999999999,4996.0,5349.0,10345.0,81260.0
10108,Campsie,2194.0,NSW,Canterbury City Council,-33.9130393,151.1040623,3.3734,12319.0,12219.0,24538.0,42621.0
10109,Canada Bay,2046.0,NSW,City of Canada Bay Council,-33.8671,151.1139,0.3224,617.0,623.0,1240.0,83192.0
10110,Canley Heights,2166.0,NSW,Fairfield City Council,-33.88502,150.9276,2.6051999999999995,5340.0,5630.0,10970.0,42996.0
10111,Canley Vale,2166.0,NSW,Fairfield City Council,-33.88642,150.946,2.886599999999999,5027.0,5194.0,10221.0,42996.0
10112,Canoelands,2157.0,NSW,The Council of the Shire of Hornsby,-33.50824,151.06178,63.4478,96.0,85.0,181.0,65369.0
10113,Canterbury,2193.0,NSW,Canterbury City Council,-33.9126,151.118,1.9637000000000002,3566.0,3668.0,7234.0,58677.0
10114,Caringbah,2229.0,NSW,Sutherland Shire,-34.0452,151.1218,4.089300000000001,5608.0,6054.0,11662.0,74623.0
10115,Caringbah South,2229.0,NSW,Sutherland Shire,-34.0529294,151.1199309,4.0920000000000005,6029.0,6210.0,12239.0,74623.0
10116,Carlingford,2118.0,NSW,,-33.7770423,151.0456097,8.527499999999996,11989.0,12405.0,24394.0,55197.0
10117,Carlton,2218.0,NSW,,-33.9685296,151.1246063,2.0651999999999995,5377.0,5344.0,10721.0,50054.0
10118,Carnes Hill,2171.0,NSW,City of Liverpool,-33.9383285,150.8478522,1.3203000000000003,1008.0,1035.0,2043.0,56360.0
10119,Carramar,2163.0,NSW,Fairfield City Council,-33.88605,150.96442,1.0174,1758.0,1786.0,3544.0,41024.0
10120,Carss Park,2221.0,NSW,Kogarah City Council,-33.98718,151.11889,0.6295,605.0,650.0,1255.0,71605.0
10121,Cartwright,2168.0,NSW,City of Liverpool,-33.9240777,150.8914686,0.9627000000000001,1193.0,1179.0,2372.0,46804.0
10122,Castle Cove,2069.0,NSW,City of Willoughby,-33.78464,151.20642,2.342799999999999,1274.0,1277.0,2551.0,116849.0
10123,Castle Hill,2154.0,NSW,,-33.7311837,151.0042006,18.810199999999995,19153.0,20440.0,39593.0,69767.0
10124,Castlecrag,2068.0,NSW,City of Willoughby,-33.80137,151.22007,1.5058000000000007,1458.0,1480.0,2938.0,114502.0
10125,Castlereagh,2749.0,NSW,Penrith City Council,-33.6719,150.6784,32.1444,598.0,572.0,1170.0,58313.0
10126,Casula,2170.0,NSW,City of Liverpool,-33.9503864,150.9044946,7.071900000000002,7635.0,8028.0,15663.0,51139.0
10127,Catherine Field,2557.0,NSW,Camden Council,-33.9833,150.76,9.8185,871.0,785.0,1656.0,59705.0
10128,Cattai,2756.0,NSW,,-33.5561,150.91205,22.6977,396.0,392.0,788.0,58226.0
10129,Cawdor,2570.0,NSW,,-34.083333,150.683333,28.3206,219.0,216.0,435.0,62726.0
10130,Cecil Hills,2171.0,NSW,City of Liverpool,-33.8876831,150.8490573,6.218000000000002,3489.0,3530.0,7019.0,56360.0
10131,Cecil Park,2178.0,NSW,,-33.87297,150.83823,10.975900000000001,398.0,370.0,768.0,63231.0
10132,Centennial Park,2021.0,NSW,,-33.8942521,151.2330449,2.229500000000001,1149.0,1230.0,2379.0,125651.0
10133,Chatswood,2067.0,NSW,City of Willoughby,-33.7960696,151.1780469,5.009800000000003,11786.0,13127.0,24913.0,70091.0
10134,Chatswood West,2067.0,NSW,,-33.7966739,151.1621677,0.8099000000000001,738.0,760.0,1498.0,70091.0
10135,Cheltenham,2119.0,NSW,The Council of the Shire of Hornsby,-33.7553681,151.078072,1.6534999999999997,1063.0,1179.0,2242.0,85771.0
10136,Cherrybrook,2126.0,NSW,The Council of the Shire of Hornsby,-33.7251,151.04931,8.260299999999996,9210.0,9552.0,18762.0,67281.0
10137,Chester Hill,2162.0,NSW,,-33.87838,151.00443,3.976000000000001,6280.0,6532.0,12812.0,45880.0
10138,Chifley,2036.0,NSW,Randwick City Council,-33.969,151.24,1.0565999999999998,1564.0,1671.0,3235.0,65398.0
10139,Chippendale,2008.0,NSW,Council of the City of Sydney,-33.8863,151.1999,0.4641999999999999,4141.0,4476.0,8617.0,65810.0
10140,Chipping Norton,2170.0,NSW,City of Liverpool,-33.911,150.959,7.133199999999996,4407.0,4598.0,9005.0,51139.0
10141,Chiswick,2046.0,NSW,City of Canada Bay Council,-33.85192,151.13605,0.5136000000000002,1357.0,1568.0,2925.0,83192.0
10142,Chullora,2190.0,NSW,Bankstown City Council,-33.8908,151.0475,1.9887,0.0,0.0,0.0,46618.0
10143,Church Point,2105.0,NSW,Northern Beaches Council,-33.6544,151.2791,0.7212,497.0,501.0,998.0,99047.0
10144,Claremont Meadows,2747.0,NSW,Penrith City Council,-33.779,150.753,3.0397000000000003,2361.0,2419.0,4780.0,54181.0
10145,Clarendon,2756.0,NSW,Hawkesbury City Council,-33.6117,150.78707,4.7203,57.0,63.0,120.0,58226.0
10146,Clareville,2107.0,NSW,Northern Beaches Council,-33.6362228,151.3100857,0.5039,354.0,394.0,748.0,84194.0
10147,Claymore,2559.0,NSW,Campbelltown City Council,-34.0444,150.8096,1.4203999999999999,1147.0,1498.0,2645.0,42007.0
10148,Clemton Park,2206.0,NSW,Canterbury City Council,-33.9258275,151.104641,0.3691999999999999,790.0,868.0,1658.0,64396.0
10149,Clontarf,2093.0,NSW,Northern Beaches Council,-33.80834,151.25342,0.8596999999999999,825.0,914.0,1739.0,101350.0
10150,Clovelly,2031.0,NSW,Randwick City Council,-33.9121,151.2629,0.7858999999999998,2280.0,2459.0,4739.0,90205.0
10151,Clyde,2142.0,NSW,City of Parramatta Council,-33.8325954,151.0223928,0.6718,5.0,0.0,5.0,43919.0
10152,Coasters Retreat,2108.0,NSW,Northern Beaches Council,-33.605,151.299,0.1163,26.0,19.0,45.0,230330.0
10153,Cobbitty,2570.0,NSW,Camden Council,-34.016667,150.683333,52.16389999999999,984.0,1079.0,2063.0,62726.0
10154,Colebee,2761.0,NSW,City of Blacktown,-33.721,150.855,3.476000000000001,992.0,939.0,1931.0,52776.0
10155,Collaroy,2097.0,NSW,Northern Beaches Council,-33.73,151.3,2.6785999999999994,3842.0,4025.0,7867.0,81898.0
10156,Collaroy Plateau,2097.0,NSW,Northern Beaches Council,-33.7293326,151.290404,1.2202,2359.0,2412.0,4771.0,81898.0
10157,Colyton,2760.0,NSW,Penrith City Council,-33.7830958,150.7954903,3.364399999999999,4185.0,4255.0,8440.0,50268.0
10158,Como,2226.0,NSW,Sutherland Shire,-34.0045,151.06379,1.5975,1979.0,1995.0,3974.0,70130.0
10159,Concord,2137.0,NSW,City of Canada Bay Council,-33.8550219,151.1078139,5.057500000000001,7034.0,7500.0,14534.0,75074.0
10160,Concord West,2138.0,NSW,City of Canada Bay Council,-33.8396663,151.088239,2.542400000000001,2887.0,3031.0,5918.0,62319.0
10161,Condell Park,2200.0,NSW,Bankstown City Council,-33.92498,151.00769,3.8947999999999983,5777.0,5791.0,11568.0,44708.0
10162,Connells Point,2221.0,NSW,Kogarah City Council,-33.98246,151.10016,1.0348000000000002,1372.0,1453.0,2825.0,71605.0
10163,Constitution Hill,2145.0,NSW,City of Parramatta Council,-33.7945,150.9765,1.1883000000000001,1896.0,2067.0,3963.0,55358.0
10164,Coogee,2034.0,NSW,Randwick City Council,-33.919,151.2555,1.9174999999999993,7168.0,8047.0,15215.0,91092.0
10165,Cornwallis,2756.0,NSW,Hawkesbury City Council,-33.592,150.812,7.5193,23.0,27.0,50.0,58226.0
10166,Cottage Point,2084.0,NSW,Northern Beaches Council,-33.62090999999999,151.20225,0.4048,52.0,52.0,104.0,101705.0
10167,Cowan,2081.0,NSW,The Council of the Shire of Hornsby,-33.587907799999996,151.16854,31.897000000000002,329.0,320.0,649.0,65481.0
10168,Cranebrook,2749.0,NSW,Penrith City Council,-33.72088,150.71302,14.9491,7708.0,8055.0,15763.0,58313.0
10169,Cremorne,2090.0,NSW,North Sydney Council,-33.8265345,151.2276279,1.6268000000000005,5106.0,6114.0,11220.0,113285.0
10170,Cremorne Point,2090.0,NSW,North Sydney Council,-33.84076,151.22789,0.42779999999999996,1164.0,1247.0,2411.0,113285.0
10171,Cromer,2099.0,NSW,Northern Beaches Council,-33.74142,151.28227,6.205800000000001,3667.0,3923.0,7590.0,65837.0
10172,Cronulla,2230.0,NSW,Sutherland Shire,-34.05744,151.15219,3.8724000000000003,8914.0,9162.0,18076.0,80580.0
10173,Crows Nest,2065.0,NSW,North Sydney Council,-33.82613,151.20505,0.7622,2323.0,2475.0,4798.0,97501.0
10174,Croydon,2132.0,NSW,,-33.8808766,151.1154679,2.4353999999999996,5063.0,5555.0,10618.0,63762.0
10175,Croydon Park,2133.0,NSW,,-33.89679,151.10951,2.5502999999999996,5217.0,5801.0,11018.0,59179.0
10176,Cumberland Reach,2756.0,NSW,Hawkesbury City Council,-33.456,150.896,3.4262,97.0,87.0,184.0,58226.0
10177,Curl Curl,2096.0,NSW,Northern Beaches Council,-33.77213,151.28992,1.2761,1245.0,1170.0,2415.0,93695.0
10178,Currans Hill,2567.0,NSW,Camden Council,-34.04084,150.76853,3.6075,2593.0,2711.0,5304.0,60526.0
10179,Currawong Beach,2108.0,NSW,Northern Beaches Council,-33.5952002,151.2979869,,,,,230330.0
10180,Daceyville,2032.0,NSW,Bayside Council,-33.92793,151.22349,0.4877,520.0,693.0,1213.0,62100.0
10181,Dangar Island,2083.0,NSW,The Council of the Shire of Hornsby,-33.54142,151.2381,0.31629999999999997,138.0,163.0,301.0,62178.0
10182,Darling Point,2027.0,NSW,Woollahra Municipal Council,-33.87021,151.23746,0.6705,1897.0,2291.0,4188.0,187769.0
10183,Darlinghurst,2010.0,NSW,Council of the City of Sydney,-33.8780176,151.2204441,0.8569,6547.0,4773.0,11320.0,88233.0
10184,Darlington,2008.0,NSW,Council of the City of Sydney,-33.890334,151.19661,0.3808,1482.0,1617.0,3099.0,65810.0
10185,Davidson,2085.0,NSW,Northern Beaches Council,-33.73801,151.19297,2.5665999999999998,1404.0,1447.0,2851.0,72783.0
10186,Dawes Point,2000.0,NSW,,-33.856,151.207,0.15149999999999997,177.0,184.0,361.0,66698.0
10187,Dean Park,2761.0,NSW,City of Blacktown,-33.7333,150.85,1.5118,1568.0,1656.0,3224.0,52776.0
10188,Dee Why,2099.0,NSW,Northern Beaches Council,-33.7544,151.2854,3.0487,10552.0,10963.0,21515.0,65837.0
10189,Denham Court,2565.0,NSW,,-33.9844003,150.8444381,13.427399999999999,1071.0,917.0,1988.0,54549.0
10190,Denistone,2114.0,NSW,City of Ryde,-33.80085,151.08648,1.5078000000000003,1864.0,1887.0,3751.0,60221.0
10191,Denistone East,2112.0,NSW,City of Ryde,-33.79885,151.09948,0.6983999999999999,1105.0,1148.0,2253.0,64746.0
10192,Denistone West,2114.0,NSW,City of Ryde,-33.8007216,151.0777054,0.321,464.0,465.0,929.0,60221.0
10193,Dharruk,2770.0,NSW,City of Blacktown,-33.74807,150.8159,0.9417,1361.0,1417.0,2778.0,46062.0
10194,Dolans Bay,2229.0,NSW,Sutherland Shire,-34.06259,151.12641,0.2593,296.0,299.0,595.0,74623.0
10195,Dolls Point,2219.0,NSW,Bayside Council,-33.99386,151.14301,0.22030000000000002,765.0,894.0,1659.0,66263.0
10196,Doonside,2767.0,NSW,City of Blacktown,-33.7639837,150.8696588,5.958200000000003,6611.0,6835.0,13446.0,51814.0
10197,Double Bay,2028.0,NSW,Woollahra Municipal Council,-33.8775,151.2412,0.7921,2036.0,2608.0,4644.0,160378.0
10198,Dover Heights,2030.0,NSW,Waverley Council,-33.87185,151.27837,0.9472,1817.0,1984.0,3801.0,178282.0
10199,Drummoyne,2047.0,NSW,City of Canada Bay Council,-33.8510541,151.1545209,2.3100999999999994,5613.0,6337.0,11950.0,93589.0
10200,Duffys Forest,2084.0,NSW,Northern Beaches Council,-33.67525,151.19789,4.6204,233.0,248.0,481.0,101705.0
10201,Dulwich Hill,2203.0,NSW,Inner West Council,-33.90332679999999,151.1424436,2.1219,6540.0,7175.0,13715.0,67575.0
10202,Dundas,2117.0,NSW,City of Parramatta Council,-33.80404,151.0351,1.3469000000000002,2313.0,2424.0,4737.0,56133.0
10203,Dundas Valley,2117.0,NSW,City of Parramatta Council,-33.79312,151.05999,1.7846,2650.0,2761.0,5411.0,56133.0
10204,Dural,2158.0,NSW,,-33.682,151.029,46.43749999999999,0.0,0.0,0.0,85650.0
10205,Eagle Vale,2558.0,NSW,Campbelltown City Council,-34.03686,150.81144,2.518799999999999,2886.0,2899.0,5785.0,51396.0
10206,Earlwood,2206.0,NSW,Canterbury City Council,-33.922442,151.1286591,5.609400000000005,8754.0,8988.0,17742.0,64396.0
10207,East Gordon,2072.0,NSW,Ku-ring-gai Council,-33.7556261,151.1527768,,,,,90891.0
10208,East Hills,2213.0,NSW,Bankstown City Council,-33.96396,150.98974,1.4271999999999998,1602.0,1609.0,3211.0,58825.0
10209,East Killara,2071.0,NSW,Ku-ring-gai Council,-33.75592,151.17973,3.1902000000000004,1495.0,1481.0,2976.0,107590.0
10210,East Kurrajong,2758.0,NSW,Hawkesbury City Council,-33.515278,150.767778,35.6229,1137.0,1062.0,2199.0,60601.0
10211,East Lindfield,2070.0,NSW,Ku-ring-gai Council,-33.77274,151.18726,2.3305000000000007,1787.0,1924.0,3711.0,113215.0
10212,East Ryde,2113.0,NSW,City of Ryde,-33.81,151.135,1.0928,1182.0,1271.0,2453.0,65350.0
10213,Eastern Creek,2766.0,NSW,City of Blacktown,-33.8071983,150.8514864,20.430999999999997,420.0,411.0,831.0,51372.0
10214,Eastgardens,2036.0,NSW,Bayside Council,-33.946,151.225,0.5373,427.0,437.0,864.0,65398.0
10215,Eastlakes,2018.0,NSW,Bayside Council,-33.9266627,151.2107787,2.0026,3452.0,3458.0,6910.0,57443.0
10216,Eastwood,2122.0,NSW,,-33.790362,151.081731,5.194300000000001,8700.0,9165.0,17865.0,54855.0
10217,Ebenezer,2756.0,NSW,Hawkesbury City Council,-33.5318,150.8679,21.857899999999997,507.0,482.0,989.0,58226.0
10218,Edensor Park,2176.0,NSW,Fairfield City Council,-33.88095,150.87516,3.095500000000001,4773.0,4999.0,9772.0,51269.0
10219,Edgecliff,2027.0,NSW,Woollahra Municipal Council,-33.8799875,151.2357452,0.3194000000000001,1156.0,1422.0,2578.0,187769.0
10220,Edmondson Park,2174.0,NSW,City of Liverpool,-33.9606778,150.8622496,6.946300000000002,1127.0,1147.0,2274.0,60526.0
10221,Elanora Heights,2101.0,NSW,Northern Beaches Council,-33.70102,151.2789,3.8765,2150.0,2213.0,4363.0,71670.0
10222,Elderslie,2570.0,NSW,Camden Council,-34.05462,150.7125,19.8485,68.0,57.0,125.0,62726.0
10223,Elizabeth Bay,2011.0,NSW,Council of the City of Sydney,-33.87143,151.22841,0.25090000000000007,2624.0,2586.0,5210.0,96522.0
10224,Elizabeth Hills,2171.0,NSW,City of Liverpool,-33.9000666,150.8478522,1.1227999999999998,1255.0,1279.0,2534.0,56360.0
10225,Ellis Lane,2570.0,NSW,Camden Council,-34.034,150.675,3.5761,440.0,419.0,859.0,62726.0
10226,Elvina Bay,2105.0,NSW,Northern Beaches Council,-33.639515,151.277825,0.2523,46.0,41.0,87.0,99047.0
10227,Emerton,2770.0,NSW,City of Blacktown,-33.75,150.8027,0.8960000000000001,1132.0,1126.0,2258.0,46062.0
10228,Emu Heights,2750.0,NSW,Penrith City Council,-33.73521,150.6503,3.4297000000000004,1636.0,1651.0,3287.0,56164.0
10229,Emu Plains,2750.0,NSW,Penrith City Council,-33.75206,150.65967,8.250399999999999,3969.0,4446.0,8415.0,56164.0
10230,Enfield,2136.0,NSW,Burwood Council,-33.89059,151.09246,0.7266000000000001,1403.0,1434.0,2837.0,57076.0
10231,Engadine,2233.0,NSW,Sutherland Shire,-34.065722,151.012664,9.2325,8573.0,8803.0,17376.0,60538.0
10232,Englorie Park,2560.0,NSW,Campbelltown City Council,-34.0806577,150.7948026,0.10749999999999998,195.0,223.0,418.0,51254.0
10233,Enmore,2042.0,NSW,Inner West Council,-33.90067,151.16768,0.44219999999999987,1942.0,1945.0,3887.0,71213.0
10234,Epping,2121.0,NSW,,-33.7746,151.0788,6.838,11697.0,11992.0,23689.0,64052.0
10235,Ermington,2115.0,NSW,City of Parramatta Council,-33.8143301,151.0562386,4.1348,5352.0,5386.0,10738.0,58087.0
10236,Erskine Park,2759.0,NSW,Penrith City Council,-33.81323,150.80143,8.3944,3199.0,3238.0,6437.0,55050.0
10237,Erskineville,2043.0,NSW,Council of the City of Sydney,-33.90476,151.18479,0.8077000000000002,4119.0,3894.0,8013.0,82040.0
10238,Eschol Park,2558.0,NSW,Campbelltown City Council,-34.0304,150.80942,2.7262,1278.0,1310.0,2588.0,51396.0
10239,Eveleigh,2015.0,NSW,Council of the City of Sydney,-33.895,151.191,0.5272,296.0,371.0,667.0,81428.0
10240,Fairfield,2165.0,NSW,,-33.8705856,150.9564102,4.429899999999999,8968.0,9115.0,18083.0,44541.0
10241,Fairfield East,2165.0,NSW,Fairfield City Council,-33.87177,150.97346,1.9873999999999994,2653.0,2616.0,5269.0,44541.0
10242,Fairfield Heights,2165.0,NSW,Fairfield City Council,-33.86848,150.94239,1.4742000000000006,3658.0,3859.0,7517.0,44541.0
10243,Fairfield West,2165.0,NSW,Fairfield City Council,-33.87112,150.92322,3.2173000000000016,5669.0,5899.0,11568.0,44541.0
10244,Fairlight,2094.0,NSW,Northern Beaches Council,-33.796,151.277,1.1683000000000001,2787.0,3052.0,5839.0,103351.0
10245,Fiddletown,2159.0,NSW,The Council of the Shire of Hornsby,-33.60259,151.04984,69.4133,122.0,112.0,234.0,73327.0
10246,Five Dock,2046.0,NSW,City of Canada Bay Council,-33.8692538,151.1295659,2.4492000000000007,4441.0,4915.0,9356.0,83192.0
10247,Flemington,2140.0,NSW,Strathfield Municipal Council,-33.8649268,151.0696729,,,,,50133.0
10248,Forest Glen,2157.0,NSW,The Council of the Shire of Hornsby,-33.55054,151.01974,5.603,40.0,29.0,69.0,65369.0
10249,Forest Lodge,2037.0,NSW,Council of the City of Sydney,-33.88396,151.1815,0.4446,2219.0,2366.0,4585.0,81235.0
10250,Forestville,2087.0,NSW,Northern Beaches Council,-33.7613,151.2113,4.687099999999998,4025.0,4301.0,8326.0,79171.0
10251,Freemans Reach,2756.0,NSW,Hawkesbury City Council,-33.56146,150.79787,24.599799999999995,1010.0,969.0,1979.0,58226.0
10252,Frenchs Forest,2086.0,NSW,Northern Beaches Council,-33.749,151.2331,8.6431,6680.0,6793.0,13473.0,75756.0
10253,Freshwater,2096.0,NSW,Northern Beaches Council,-33.7749,151.28783,1.7820000000000003,4369.0,4499.0,8868.0,93695.0
10254,Galston,2159.0,NSW,The Council of the Shire of Hornsby,-33.65,151.043,23.5592,1527.0,1605.0,3132.0,73327.0
10255,Georges Hall,2198.0,NSW,Bankstown City Council,-33.91217,150.98557,3.3232999999999993,4385.0,4658.0,9043.0,52007.0
10256,Gilead,2560.0,NSW,Campbelltown City Council,-34.1410068,150.7923904,28.035400000000003,169.0,245.0,414.0,51254.0
10257,Girraween,2145.0,NSW,Cumberland Council,-33.80128,150.94305,2.315600000000001,2848.0,2739.0,5587.0,55358.0
10258,Gladesville,2111.0,NSW,,-33.8301698,151.1267591,3.5065000000000004,5682.0,6148.0,11830.0,87513.0
10259,Glebe,2037.0,NSW,Council of the City of Sydney,-33.8797767,151.1869715,1.692700000000001,5383.0,6153.0,11536.0,81235.0
10260,Gledswood Hills,2557.0,NSW,Camden Council,-34.011667,150.780278,4.0722000000000005,13.0,14.0,27.0,59705.0
10261,Glen Alpine,2560.0,NSW,Campbelltown City Council,-34.09,150.785,5.3624,2275.0,2278.0,4553.0,51254.0
10262,Glendenning,2761.0,NSW,City of Blacktown,-33.7461349,150.8536426,3.5717,2541.0,2585.0,5126.0,52776.0
10263,Glenfield,2167.0,NSW,Campbelltown City Council,-33.9748797,150.8992441,6.994599999999997,4718.0,4915.0,9633.0,53129.0
10264,Glenhaven,2156.0,NSW,,-33.70547,151.00334,7.213899999999998,3157.0,3347.0,6504.0,82028.0
10265,Glenmore Park,2745.0,NSW,Penrith City Council,-33.79,150.676,9.740300000000001,11155.0,11854.0,23009.0,63640.0
10266,Glenorie,2157.0,NSW,,-33.60224,151.00247,79.43499999999999,1729.0,1762.0,3491.0,65369.0
10267,Glenwood,2768.0,NSW,City of Blacktown,-33.7398598,150.9385702,5.118599999999999,7983.0,8148.0,16131.0,62160.0
10268,Glossodia,2756.0,NSW,Hawkesbury City Council,-33.53432,150.78231,15.5359,1430.0,1393.0,2823.0,58226.0
10269,Gordon,2072.0,NSW,Ku-ring-gai Council,-33.7556261,151.1527768,3.788700000000001,3658.0,4001.0,7659.0,90891.0
10270,Granville,2142.0,NSW,,-33.8353132,151.0065546,3.3333000000000004,8066.0,7267.0,15333.0,43919.0
10271,Grasmere,2570.0,NSW,Camden Council,-34.057,150.667,5.438400000000001,883.0,1084.0,1967.0,62726.0
10272,Grays Point,2232.0,NSW,Sutherland Shire,-34.05508,151.07492,1.3187,1551.0,1570.0,3121.0,63598.0
10273,Great Mackerel Beach,2108.0,NSW,Northern Beaches Council,-33.59166700000001,151.300833,0.1217,19.0,21.0,40.0,230330.0
10274,Green Valley,2168.0,NSW,City of Liverpool,-33.90596,150.86681,3.2144999999999992,6126.0,6384.0,12510.0,46804.0
10275,Greenacre,2190.0,NSW,,-33.9077605,151.0643509,7.404899999999999,12107.0,12268.0,24375.0,46618.0
10276,Greendale,2745.0,NSW,City of Liverpool,-33.92,150.67,33.9317,179.0,168.0,347.0,63640.0
10277,Greenfield Park,2176.0,NSW,Fairfield City Council,-33.87676,150.88819,1.5028000000000004,2543.0,2546.0,5089.0,51269.0
10278,Greenhills Beach,2230.0,NSW,Sutherland Shire,-34.034689,151.1646,0.5391,410.0,389.0,799.0,80580.0
10279,Greenwich,2065.0,NSW,Lane Cove Municipal Council,-33.83302,151.18362,1.6623000000000003,2690.0,2918.0,5608.0,97501.0
10280,Gregory Hills,2557.0,NSW,,-34.0307506,150.7766392,6.3878,2519.0,2467.0,4986.0,59705.0
10281,Greystanes,2145.0,NSW,Cumberland Council,-33.8297061,150.9488947,8.968899999999994,11224.0,11583.0,22807.0,55358.0
10282,Grose Vale,2753.0,NSW,Hawkesbury City Council,-33.584,150.674,18.4767,639.0,621.0,1260.0,56367.0
10283,Grose Wold,2753.0,NSW,Hawkesbury City Council,-33.598611,150.684722,11.3467,323.0,313.0,636.0,56367.0
10284,Guildford,2161.0,NSW,Cumberland Council,-33.8557329,150.9950627,5.904000000000002,11315.0,11014.0,22329.0,44431.0
10285,Guildford West,2161.0,NSW,Cumberland Council,-33.850656,150.96308,1.6084999999999998,2424.0,2494.0,4918.0,44431.0
10286,Gymea,2227.0,NSW,Sutherland Shire,-34.0333,151.08556,2.1845,3677.0,3907.0,7584.0,68753.0
10287,Gymea Bay,2227.0,NSW,Sutherland Shire,-34.0496,151.0864,2.4048000000000007,3368.0,3527.0,6895.0,68753.0
10288,Haberfield,2045.0,NSW,Inner West Council,-33.8804879,151.138849,2.382799999999999,3197.0,3257.0,6454.0,96100.0
10289,Hammondville,2170.0,NSW,City of Liverpool,-33.9522602,150.9601708,1.8176,1654.0,1837.0,3491.0,51139.0
10290,Harrington Park,2567.0,NSW,Camden Council,-34.02769,150.73081,8.004199999999999,5224.0,5442.0,10666.0,60526.0
10291,Harris Park,2150.0,NSW,City of Parramatta Council,-33.8219453,151.0107506,0.6389,3110.0,2692.0,5802.0,52675.0
10292,Hassall Grove,2761.0,NSW,City of Blacktown,-33.7309406,150.840584,1.2202999999999997,2207.0,2299.0,4506.0,52776.0
10293,Haymarket,2000.0,NSW,Council of the City of Sydney,-33.88092,151.20294,0.5180000000000001,3536.0,3815.0,7351.0,66698.0
10294,Heathcote,2233.0,NSW,Sutherland Shire,-34.08506,151.00808,10.1724,2896.0,3116.0,6012.0,60538.0
10295,Hebersham,2770.0,NSW,City of Blacktown,-33.7459836,150.8245953,1.6812000000000002,2805.0,2880.0,5685.0,46062.0
10296,Heckenberg,2168.0,NSW,City of Liverpool,-33.91068,150.88887,0.9283000000000002,1454.0,1636.0,3090.0,46804.0
10297,Henley,2111.0,NSW,The Council of the Municipality of Hunters Hill,-33.84252,151.13475,0.2731,238.0,228.0,466.0,87513.0
10298,Hillsdale,2036.0,NSW,Bayside Council,-33.95493,151.22875,0.5462,2746.0,2760.0,5506.0,65398.0
10299,Hinchinbrook,2168.0,NSW,City of Liverpool,-33.9165364,150.8639325,3.2281999999999993,5554.0,5668.0,11222.0,46804.0
10300,Hobartville,2753.0,NSW,Hawkesbury City Council,-33.60458,150.74298,1.0911999999999997,1333.0,1416.0,2749.0,56367.0
10301,Holroyd,2142.0,NSW,Cumberland Council,-33.831,150.997,0.5042000000000001,673.0,608.0,1281.0,43919.0
10302,Holsworthy,2173.0,NSW,,-33.9565362,150.9498811,190.27720000000014,2954.0,2527.0,5481.0,59669.0
10303,Homebush,2140.0,NSW,Strathfield Municipal Council,-33.862749,151.0794998,2.5032999999999985,3739.0,3270.0,7009.0,50133.0
10304,Homebush West,2140.0,NSW,,-33.858361,151.0693819,1.2345999999999997,4522.0,4088.0,8610.0,50133.0
10305,Horningsea Park,2171.0,NSW,City of Liverpool,-33.944,150.844,0.9807999999999999,1805.0,1926.0,3731.0,56360.0
10306,Hornsby,2077.0,NSW,The Council of the Shire of Hornsby,-33.7046328,151.0987055,8.385500000000002,10860.0,11307.0,22167.0,59469.0
10307,Hornsby Heights,2077.0,NSW,The Council of the Shire of Hornsby,-33.6722,151.0988,10.2176,3104.0,3199.0,6303.0,59469.0
10308,Horsley Park,2175.0,NSW,Fairfield City Council,-33.8417894,150.8553834,21.968299999999996,949.0,887.0,1836.0,64229.0
10309,Hoxton Park,2171.0,NSW,City of Liverpool,-33.93382,150.85284,1.5387,2146.0,2211.0,4357.0,56360.0
10310,Hunters Hill,2110.0,NSW,The Council of the Municipality of Hunters Hill,-33.8337,151.14366,3.6317000000000013,4785.0,4740.0,9525.0,156069.0
10311,Huntingwood,2148.0,NSW,City of Blacktown,-33.799,150.885,1.7233,0.0,0.0,0.0,49049.0
10312,Huntleys Cove,2111.0,NSW,The Council of the Municipality of Hunters Hill,-33.8385208,151.138135,0.274,355.0,394.0,749.0,87513.0
10313,Huntleys Point,2111.0,NSW,The Council of the Municipality of Hunters Hill,-33.839,151.147,0.2135,72.0,72.0,144.0,87513.0
10314,Hurlstone Park,2193.0,NSW,,-33.91058,151.12919,1.201,2250.0,2448.0,4698.0,58677.0
10315,Hurstville,2220.0,NSW,,-33.9645633,151.1010187,4.2254999999999985,14660.0,15165.0,29825.0,45309.0
10316,Hurstville Grove,2220.0,NSW,Kogarah City Council,-33.97972,151.09298,0.9479,1321.0,1343.0,2664.0,45309.0
10317,Illawong,2234.0,NSW,Sutherland Shire,-34.00057,151.03587,4.7600999999999996,3642.0,3629.0,7271.0,66945.0
10318,Ingleburn,2565.0,NSW,Campbelltown City Council,-34.0044124,150.8630229,12.453999999999997,7483.0,7554.0,15037.0,54549.0
10319,Ingleside,2101.0,NSW,Northern Beaches Council,-33.6823,151.26315,18.0872,511.0,462.0,973.0,71670.0
10320,Jamisontown,2750.0,NSW,Penrith City Council,-33.76829,150.67238,3.9580999999999995,2645.0,2859.0,5504.0,56164.0
10321,Jannali,2226.0,NSW,Sutherland Shire,-34.01695,151.06522,2.4959000000000002,3002.0,3184.0,6186.0,70130.0
10322,Jordan Springs,2747.0,NSW,Penrith City Council,-33.724,150.728,3.9812,2531.0,2628.0,5159.0,54181.0
10323,Kangaroo Point,2224.0,NSW,Sutherland Shire,-34.002,151.096,0.2656,290.0,269.0,559.0,70637.0
10324,Kareela,2232.0,NSW,Sutherland Shire,-34.01503,151.08046,1.5997,1722.0,1729.0,3451.0,63598.0
10325,Kearns,2558.0,NSW,Campbelltown City Council,-34.02373,150.80628,2.3589000000000007,1397.0,1351.0,2748.0,51396.0
10326,Kellyville,2155.0,NSW,The Hills Shire,-33.7111451,150.9550731,18.645100000000006,13767.0,14205.0,27972.0,68262.0
10327,Kellyville Ridge,2155.0,NSW,City of Blacktown,-33.703,150.919,2.7068000000000008,5155.0,5320.0,10475.0,68262.0
10328,Kemps Creek,2178.0,NSW,,-33.87464,150.79868,34.403200000000005,1142.0,1127.0,2269.0,63231.0
10329,Kensington,2033.0,NSW,Randwick City Council,-33.910021,151.2232749,2.6690000000000014,7537.0,7466.0,15003.0,72478.0
10330,Kenthurst,2156.0,NSW,The Hills Shire,-33.6693,151.00158,45.494499999999974,2540.0,2500.0,5040.0,82028.0
10331,Kentlyn,2560.0,NSW,Campbelltown City Council,-34.05193,150.87797,11.2946,375.0,368.0,743.0,51254.0
10332,Killara,2071.0,NSW,Ku-ring-gai Council,-33.76864,151.16347,4.631800000000001,5025.0,5550.0,10575.0,107590.0
10333,Killarney Heights,2087.0,NSW,Northern Beaches Council,-33.7742,151.2155,4.244,2157.0,2310.0,4467.0,79171.0
10334,Kings Langley,2147.0,NSW,City of Blacktown,-33.7499763,150.9345044,3.666899999999999,4660.0,4690.0,9350.0,54103.0
10335,Kings Park,2148.0,NSW,City of Blacktown,-33.7457198,150.9047417,2.6051,1731.0,1721.0,3452.0,49049.0
10336,Kingsford,2032.0,NSW,Randwick City Council,-33.92457,151.22765,1.9873000000000003,7907.0,7574.0,15481.0,62100.0
10337,Kingsgrove,2208.0,NSW,,-33.9386352,151.100641,4.491000000000002,6071.0,6378.0,12449.0,56666.0
10338,Kingswood,2747.0,NSW,Penrith City Council,-33.759,150.72,19.1162,530.0,504.0,1034.0,54181.0
10339,Kingswood Park,2747.0,NSW,Penrith City Council,-33.759,150.72,,,,,54181.0
10340,Kirkham,2570.0,NSW,Camden Council,-34.039,150.709,4.22,349.0,345.0,694.0,62726.0
10341,Kirrawee,2232.0,NSW,Sutherland Shire,-34.0357295,151.0707945,3.552700000000002,4420.0,4862.0,9282.0,63598.0
10342,Kirribilli,2061.0,NSW,North Sydney Council,-33.8491363,151.2175297,0.43760000000000004,1814.0,2008.0,3822.0,122542.0
10343,Kogarah,2217.0,NSW,,-33.9643523,151.1372588,2.607999999999999,7588.0,7534.0,15122.0,56033.0
10344,Kogarah Bay,2217.0,NSW,Kogarah City Council,-33.98338,151.12166,0.6648000000000001,998.0,1020.0,2018.0,56033.0
10345,Ku-ring-gai Chase,2084.0,NSW,Northern Beaches Council,-33.6375668,151.2339007,,,,,101705.0
10346,Kurmond,2757.0,NSW,Hawkesbury City Council,-33.551,150.69,8.3269,430.0,420.0,850.0,51614.0
10347,Kurnell,2231.0,NSW,Sutherland Shire,-34.01159,151.20686,19.1994,1148.0,1121.0,2269.0,61613.0
10348,Kurraba Point,2089.0,NSW,North Sydney Council,-33.843,151.223,0.23489999999999994,719.0,803.0,1522.0,100710.0
10349,Kurrajong,2758.0,NSW,Hawkesbury City Council,-33.55,150.6667,47.17429999999999,1519.0,1540.0,3059.0,60601.0
10350,Kurrajong Hills,2758.0,NSW,Hawkesbury City Council,-33.533333,150.65,17.4767,316.0,352.0,668.0,60601.0
10351,Kyeemagh,2216.0,NSW,Bayside Council,-33.94829,151.15711,0.5966,446.0,470.0,916.0,51558.0
10352,Kyle Bay,2221.0,NSW,Kogarah City Council,-33.9911107,151.1002727,0.36900000000000005,512.0,524.0,1036.0,71605.0
10353,La Perouse,2036.0,NSW,Randwick City Council,-33.9888,151.232,1.7547000000000001,198.0,203.0,401.0,65398.0
10354,Lakemba,2195.0,NSW,Canterbury City Council,-33.9200417,151.0771497,2.1866,9196.0,7827.0,17023.0,41139.0
10355,Lalor Park,2147.0,NSW,City of Blacktown,-33.7666,150.9277,2.7014000000000014,3808.0,3857.0,7665.0,54103.0
10356,Lane Cove,2066.0,NSW,Lane Cove Municipal Council,-33.8148145,151.1663935,2.5799,5142.0,5675.0,10817.0,99324.0
10357,Lane Cove North,2066.0,NSW,,-33.80627330000001,151.1664881,2.3628999999999993,5525.0,5916.0,11441.0,99324.0
10358,Lane Cove West,2066.0,NSW,Lane Cove Municipal Council,-33.811478,151.1527422,1.6869,1301.0,1329.0,2630.0,99324.0
10359,Lansdowne,2430.0,NSW,Greater Taree City Council,-31.783056,152.534444,35.40369999999999,294.0,299.0,593.0,43681.0
10360,Lansvale,2166.0,NSW,Fairfield City Council,-33.906913,150.9685549,2.8931999999999998,1352.0,1221.0,2573.0,42996.0
10361,Laughtondale,2775.0,NSW,The Council of the Shire of Hornsby,-33.43,151.029,27.059,49.0,37.0,86.0,55480.0
10362,Lavender Bay,2060.0,NSW,North Sydney Council,-33.8435728,151.2069658,0.1642,454.0,487.0,941.0,113216.0
10363,Leets Vale,2775.0,NSW,,-33.432,150.951,9.2707,35.0,23.0,58.0,55480.0
10364,Leichhardt,2040.0,NSW,Inner West Council,-33.8837222,151.157028,2.595200000000002,7017.0,7611.0,14628.0,87522.0
10365,Len Waters Estate,2171.0,NSW,City of Liverpool,-33.9143238,150.853667,1.0897000000000001,0.0,0.0,0.0,56360.0
10366,Leonay,2750.0,NSW,Penrith City Council,-33.76506,150.64568,2.4699999999999998,1235.0,1280.0,2515.0,56164.0
10367,Leppington,2179.0,NSW,,-33.965,150.801,20.325400000000002,1782.0,1710.0,3492.0,56990.0
10368,Lethbridge Park,2770.0,NSW,City of Blacktown,-33.7374293,150.8013419,1.6238,2311.0,2441.0,4752.0,46062.0
10369,Leumeah,2560.0,NSW,Campbelltown City Council,-34.05546,150.83328,4.054700000000002,4849.0,4985.0,9834.0,51254.0
10370,Lewisham,2049.0,NSW,Inner West Council,-33.8949,151.144415,0.6418000000000001,1529.0,1639.0,3168.0,72144.0
10371,Liberty Grove,2138.0,NSW,City of Canada Bay Council,-33.841667,151.083611,0.23270000000000005,1113.0,1140.0,2253.0,62319.0
10372,Lidcombe,2141.0,NSW,,-33.865214,151.0435043,6.804900000000003,10127.0,9498.0,19625.0,44740.0
10373,Lilli Pilli,2229.0,NSW,Sutherland Shire,-34.068333,151.115833,0.6070000000000001,690.0,704.0,1394.0,74623.0
10374,Lilyfield,2040.0,NSW,Inner West Council,-33.874345,151.164693,2.1587999999999994,3618.0,3996.0,7614.0,87522.0
10375,Lindfield,2070.0,NSW,Ku-ring-gai Council,-33.7787851,151.1693413,5.131199999999999,4742.0,5046.0,9788.0,113215.0
10376,Linley Point,2066.0,NSW,Lane Cove Municipal Council,-33.8274222,151.1497868,0.2021,177.0,170.0,347.0,99324.0
10377,Little Bay,2036.0,NSW,Randwick City Council,-33.98054,151.24301,2.4571,2170.0,2306.0,4476.0,65398.0
10378,Liverpool,2170.0,NSW,City of Liverpool,-33.9285567,150.9179595,6.356000000000004,13455.0,13631.0,27086.0,51139.0
10379,Llandilo,2747.0,NSW,Penrith City Council,-33.7061,150.7453,18.6349,830.0,806.0,1636.0,54181.0
10380,Loftus,2232.0,NSW,Sutherland Shire,-34.0465,151.0471,2.5312,2011.0,2124.0,4135.0,63598.0
10381,Londonderry,2753.0,NSW,Penrith City Council,-33.6485,150.7355,36.24929999999999,2016.0,1892.0,3908.0,56367.0
10382,Long Point,2564.0,NSW,Campbelltown City Council,-34.012,150.897,7.5442,18.0,8.0,26.0,46320.0
10383,Longueville,2066.0,NSW,Lane Cove Municipal Council,-33.83309,151.16494,0.9933,1031.0,1028.0,2059.0,99324.0
10384,Lovett Bay,2105.0,NSW,Northern Beaches Council,-33.6296855,151.2816573,0.4537,85.0,69.0,154.0,99047.0
10385,Lower Portland,2756.0,NSW,,-33.442,150.879,60.0586,299.0,296.0,595.0,58226.0
10386,Lucas Heights,2234.0,NSW,Sutherland Shire,-34.049,150.975,9.9327,0.0,0.0,0.0,66945.0
10387,Luddenham,2745.0,NSW,,-33.8807,150.7146,44.1008,900.0,925.0,1825.0,63640.0
10388,Lugarno,2210.0,NSW,Hurstville City Council,-33.98469,151.04352,2.6791000000000005,2755.0,2853.0,5608.0,55741.0
10389,Lurnea,2170.0,NSW,City of Liverpool,-33.9326,150.900826,2.5038000000000005,4548.0,4765.0,9313.0,51139.0
10390,Macquarie Fields,2564.0,NSW,Campbelltown City Council,-33.99434,150.88757,7.012499999999999,6607.0,7110.0,13717.0,46320.0
10391,Macquarie Links,2565.0,NSW,Campbelltown City Council,-33.982,150.874,1.7723,687.0,675.0,1362.0,54549.0
10392,Macquarie Park,2113.0,NSW,City of Ryde,-33.7810467,151.122968,6.763299999999998,3906.0,4234.0,8140.0,65350.0
10393,Maianbar,2230.0,NSW,Sutherland Shire,-34.0764794,151.1272123,0.29309999999999997,247.0,258.0,505.0,80580.0
10394,Malabar,2036.0,NSW,Randwick City Council,-33.9656,151.2487,3.5736,3518.0,1908.0,5426.0,65398.0
10395,Manly,2095.0,NSW,,-33.8060158,151.2947775,5.5668,7889.0,7975.0,15864.0,112527.0
10396,Manly Vale,2093.0,NSW,Northern Beaches Council,-33.783,151.2622,1.9046999999999996,3020.0,3147.0,6167.0,101350.0
10397,Maraylya,2765.0,NSW,,-33.59775,150.91609,20.466199999999994,626.0,615.0,1241.0,59890.0
10398,Marayong,2148.0,NSW,City of Blacktown,-33.7495256,150.8929227,2.7196999999999996,3806.0,3903.0,7709.0,49049.0
10399,Maroota,2756.0,NSW,,-33.4540456,150.9889238,57.11410000000001,313.0,309.0,622.0,58226.0
10400,Maroubra,2035.0,NSW,Randwick City Council,-33.9495,151.2437,5.922600000000001,14858.0,15829.0,30687.0,75547.0
10401,Marrickville,2204.0,NSW,Inner West Council,-33.908667,151.1524142,5.7713,13030.0,13556.0,26586.0,64947.0
10402,Marsden Park,2765.0,NSW,City of Blacktown,-33.68908,150.80285,23.354200000000006,543.0,461.0,1004.0,59890.0
10403,Marsfield,2122.0,NSW,City of Ryde,-33.7800906,151.1029137,3.8634,6335.0,6957.0,13292.0,54855.0
10404,Mascot,2020.0,NSW,,-33.9296324,151.1946223,11.9607,7437.0,7334.0,14771.0,57420.0
10405,Matraville,2036.0,NSW,Randwick City Council,-33.9613,151.2315,3.932999999999999,4761.0,5044.0,9805.0,65398.0
10406,Mays Hill,2145.0,NSW,Cumberland Council,-33.8206367,150.9881962,0.2992,401.0,368.0,769.0,55358.0
10407,McCarrs Creek,2105.0,NSW,Northern Beaches Council,-33.643,151.277,,,,,99047.0
10408,McGraths Hill,2756.0,NSW,Hawkesbury City Council,-33.61939,150.84304,3.0931999999999995,1288.0,1264.0,2552.0,58226.0
10409,McMahons Point,2060.0,NSW,North Sydney Council,-33.84524,151.20433,0.34920000000000007,1088.0,1192.0,2280.0,113216.0
10410,Meadowbank,2114.0,NSW,City of Ryde,-33.81692,151.08333,0.6914999999999999,2180.0,2230.0,4410.0,60221.0
10411,Melrose Park,2114.0,NSW,,-33.8145781,151.0718821,1.0774,801.0,777.0,1578.0,60221.0
10412,Menai,2234.0,NSW,Sutherland Shire,-34.0118,151.0089,12.944399999999998,5050.0,5254.0,10304.0,66945.0
10413,Menangle Park,2563.0,NSW,Campbelltown City Council,-34.102939,150.742442,8.7197,135.0,118.0,253.0,
10414,Merrylands,2160.0,NSW,Cumberland Council,-33.835802,150.9865196,6.747999999999998,15179.0,14472.0,29651.0,45624.0
10415,Merrylands West,2160.0,NSW,Cumberland Council,-33.83742,150.96168,1.7353999999999994,3165.0,3424.0,6589.0,45624.0
10416,Middle Cove,2068.0,NSW,City of Willoughby,-33.7938,151.2086,1.0362,676.0,659.0,1335.0,114502.0
10417,Middle Dural,2158.0,NSW,,-33.6408817,151.0180269,7.659900000000001,525.0,486.0,1011.0,85650.0
10418,Middleton Grange,2171.0,NSW,City of Liverpool,-33.915,150.842,2.5544999999999995,2560.0,2615.0,5175.0,56360.0
10419,Miller,2168.0,NSW,City of Liverpool,-33.9268,150.8724,1.2705,1614.0,1626.0,3240.0,46804.0
10420,Millers Point,2000.0,NSW,,-33.86085,151.20281,0.25120000000000003,754.0,727.0,1481.0,66698.0
10421,Milperra,2214.0,NSW,Bankstown City Council,-33.9370869,150.9827465,5.371099999999997,1946.0,2005.0,3951.0,56967.0
10422,Milsons Passage,2083.0,NSW,The Council of the Shire of Hornsby,-33.517,151.176,0.6383,12.0,4.0,16.0,62178.0
10423,Milsons Point,2061.0,NSW,North Sydney Council,-33.84765,151.21201,0.19820000000000002,1049.0,1113.0,2162.0,122542.0
10424,Minchinbury,2770.0,NSW,City of Blacktown,-33.7896243,150.8369469,4.1856,2763.0,2857.0,5620.0,46062.0
10425,Minto,2566.0,NSW,Campbelltown City Council,-34.02646,150.8507,9.567800000000002,6175.0,6374.0,12549.0,49773.0
10426,Minto Heights,2566.0,NSW,Campbelltown City Council,-34.031,150.8743,5.9613000000000005,182.0,195.0,377.0,49773.0
10427,Miranda,2228.0,NSW,Sutherland Shire,-34.0299364,151.1055499,4.6756,7355.0,7930.0,15285.0,65044.0
10428,Mona Vale,2103.0,NSW,Northern Beaches Council,-33.67596,151.30653,4.555900000000002,5126.0,5546.0,10672.0,73673.0
10429,Monterey,2217.0,NSW,Bayside Council,-33.9738,151.1479,1.1522000000000001,2171.0,2361.0,4532.0,56033.0
10430,Moore Park,2021.0,NSW,Council of the City of Sydney,-33.8952578,151.2215296,1.8625000000000003,16.0,14.0,30.0,125651.0
10431,Moorebank,2170.0,NSW,City of Liverpool,-33.9397082,150.9249864,12.5155,4831.0,4914.0,9745.0,51139.0
10432,Morning Bay,2105.0,NSW,Northern Beaches Council,-33.627,151.287,0.2156,17.0,20.0,37.0,99047.0
10433,Mortdale,2223.0,NSW,,-33.96932,151.06969,2.8792,5044.0,5376.0,10420.0,68444.0
10434,Mortlake,2137.0,NSW,City of Canada Bay Council,-33.8405772,151.1060971,0.23839999999999995,499.0,566.0,1065.0,75074.0
10435,Mosman,2088.0,NSW,,-33.829075,151.24409,8.65029999999999,13189.0,15290.0,28479.0,158897.0
10436,Mount Annan,2567.0,NSW,,-34.065,150.76,10.226299999999998,5711.0,5997.0,11708.0,60526.0
10437,Mount Colah,2079.0,NSW,The Council of the Shire of Hornsby,-33.670759,151.1152582,11.0622,3532.0,3561.0,7093.0,64082.0
10438,Mount Druitt,2770.0,NSW,City of Blacktown,-33.7722,150.8194,6.2560999999999956,8343.0,8385.0,16728.0,46062.0
10439,Mount Kuring-Gai,2080.0,NSW,The Council of the Shire of Hornsby,-33.6414763,151.1308651,10.5767,854.0,853.0,1707.0,60418.0
10440,Mount Lewis,2190.0,NSW,Bankstown City Council,-33.915,151.051,0.33280000000000004,575.0,620.0,1195.0,46618.0
10441,Mount Pritchard,2170.0,NSW,,-33.898,150.901,3.0939,4937.0,5018.0,9955.0,51139.0
10442,Mount Vernon,2178.0,NSW,Penrith City Council,-33.857,150.81,6.5433,618.0,577.0,1195.0,63231.0
10443,Mulgoa,2745.0,NSW,Penrith City Council,-33.8461,150.6525,54.2598,951.0,949.0,1900.0,63640.0
10444,Mulgrave,2756.0,NSW,Hawkesbury City Council,-33.615,150.828,4.019800000000001,51.0,35.0,86.0,58226.0
10445,Narellan Vale,2567.0,NSW,Camden Council,-34.0504,150.7483,2.4805,3483.0,3715.0,7198.0,60526.0
10446,Naremburn,2065.0,NSW,City of Willoughby,-33.8177311,151.2011183,1.2494999999999998,2811.0,3081.0,5892.0,97501.0
10447,Narrabeen,2101.0,NSW,Northern Beaches Council,-33.7231,151.2952,2.196699999999999,3895.0,4311.0,8206.0,71670.0
10448,Narraweena,2099.0,NSW,Northern Beaches Council,-33.748611,151.267778,1.7759,3148.0,3459.0,6607.0,65837.0
10449,Narwee,2209.0,NSW,,-33.947329,151.0707329,1.2673999999999996,2724.0,2898.0,5622.0,51242.0
10450,Nelson,2765.0,NSW,The Hills Shire,-33.6457,150.922,4.9183,230.0,217.0,447.0,59890.0
10451,Neutral Bay,2089.0,NSW,North Sydney Council,-33.8339383,151.2188459,1.2796000000000003,4920.0,5566.0,10486.0,100710.0
10452,Newington,2127.0,NSW,City of Parramatta Council,-33.839,151.055,0.9267000000000001,2869.0,2935.0,5804.0,62634.0
10453,Newport,2106.0,NSW,Northern Beaches Council,-33.6564,151.3137,3.8119000000000005,4567.0,4732.0,9299.0,88175.0
10454,Newtown,2042.0,NSW,,-33.8978149,151.1785003,1.5782999999999998,7523.0,7503.0,15026.0,71213.0
10455,Normanhurst,2076.0,NSW,The Council of the Shire of Hornsby,-33.7245321,151.0970108,2.1910999999999996,2529.0,2756.0,5285.0,92932.0
10456,North Balgowlah,2093.0,NSW,Northern Beaches Council,-33.785604,151.2495903,1.1218000000000004,1784.0,1875.0,3659.0,101350.0
10457,North Bondi,2026.0,NSW,Waverley Council,-33.8879,151.2808,1.2636999999999998,4495.0,4672.0,9167.0,94839.0
10458,North Curl Curl,2099.0,NSW,Northern Beaches Council,-33.7645,151.2973,1.2153,2065.0,2047.0,4112.0,65837.0
10459,North Epping,2121.0,NSW,The Council of the Shire of Hornsby,-33.7623,151.101,2.3331,2210.0,2317.0,4527.0,64052.0
10460,North Kellyville,2155.0,NSW,The Hills Shire,-33.6852445,150.9525664,,,,,68262.0
10461,North Manly,2100.0,NSW,Northern Beaches Council,-33.7754,151.2689,1.0690000000000002,1543.0,1548.0,3091.0,71830.0
10462,North Narrabeen,2101.0,NSW,Northern Beaches Council,-33.7065,151.2884,2.5357000000000003,2903.0,2948.0,5851.0,71670.0
10463,North Parramatta,2151.0,NSW,,-33.800281,151.0042445,5.2425,6571.0,6670.0,13241.0,57940.0
10464,North Richmond,2754.0,NSW,Hawkesbury City Council,-33.5817778,150.7150959,22.118100000000002,2344.0,2632.0,4976.0,55639.0
10465,North Rocks,2151.0,NSW,The Hills Shire,-33.7750537,151.0238278,5.461500000000001,3863.0,4100.0,7963.0,57940.0
10466,North Ryde,2113.0,NSW,City of Ryde,-33.7931778,151.1197879,5.3599000000000006,5342.0,5510.0,10852.0,65350.0
10467,North St Ives,2075.0,NSW,Ku-ring-gai Council,-33.72136,151.16844,,,,,92670.0
10468,North St Marys,2760.0,NSW,Penrith City Council,-33.749,150.782,3.1859999999999995,1957.0,1969.0,3926.0,50268.0
10469,North Strathfield,2137.0,NSW,City of Canada Bay Council,-33.8604,151.08856,1.0357999999999996,2374.0,2392.0,4766.0,75074.0
10470,North Sydney,2060.0,NSW,North Sydney Council,-33.83965,151.20541,1.4712999999999998,3766.0,3945.0,7711.0,113216.0
10471,North Turramurra,2074.0,NSW,Ku-ring-gai Council,-33.704927,151.1490162,11.6142,1876.0,2383.0,4259.0,100029.0
10472,North Wahroonga,2076.0,NSW,Ku-ring-gai Council,-33.701,151.126,3.8916000000000004,970.0,1030.0,2000.0,92932.0
10473,North Willoughby,2068.0,NSW,City of Willoughby,-33.795,151.204,0.9346000000000001,1952.0,2225.0,4177.0,114502.0
10474,Northbridge,2063.0,NSW,City of Willoughby,-33.81325,151.21717,2.728100000000001,3061.0,3286.0,6347.0,169365.0
10475,Northmead,2152.0,NSW,,-33.78974,150.9921094,4.285800000000001,5300.0,5914.0,11214.0,59958.0
10476,Northwood,2066.0,NSW,Lane Cove Municipal Council,-33.82813000000001,151.17619,0.382,497.0,482.0,979.0,99324.0
10477,Norwest,2153.0,NSW,The Hills Shire,-33.7316522,150.9665906,,,,,64558.0
10478,Oakhurst,2761.0,NSW,City of Blacktown,-33.7385688,150.8359742,2.0268,3465.0,3495.0,6960.0,52776.0
10479,Oakville,2765.0,NSW,Hawkesbury City Council,-33.6222,150.8669,15.147499999999999,1008.0,955.0,1963.0,59890.0
10480,Oatlands,2117.0,NSW,,-33.7963384,151.0263232,2.462100000000001,2738.0,2917.0,5655.0,56133.0
10481,Oatley,2223.0,NSW,,-33.98118,151.07479,4.373800000000001,5090.0,5395.0,10485.0,68444.0
10482,Old Guildford,2161.0,NSW,Fairfield City Council,-33.86577,150.98346,0.9609999999999999,1340.0,1323.0,2663.0,44431.0
10483,Old Toongabbie,2146.0,NSW,City of Parramatta Council,-33.787,150.966,1.2742999999999998,1551.0,1580.0,3131.0,53252.0
10484,Oran Park,2570.0,NSW,Camden Council,-34.003,150.743,13.743899999999996,2342.0,2424.0,4766.0,62726.0
10485,Orchard Hills,2748.0,NSW,Penrith City Council,-33.7923295,150.7330734,43.0734,1005.0,879.0,1884.0,70144.0
10486,Oxford Falls,2100.0,NSW,Northern Beaches Council,-33.7352,151.2469,6.6474,74.0,61.0,135.0,71830.0
10487,Oxley Park,2760.0,NSW,Penrith City Council,-33.7709,150.7934,1.2705000000000002,1493.0,1615.0,3108.0,50268.0
10488,Oyster Bay,2225.0,NSW,Sutherland Shire,-34.00754,151.07514,2.1011000000000006,2685.0,2803.0,5488.0,77487.0
10489,Paddington,2021.0,NSW,,-33.8850215,151.2262353,1.6266,6114.0,6795.0,12909.0,125651.0
10490,Padstow,2211.0,NSW,Bankstown City Council,-33.9504502,151.0309,5.4016,6552.0,6758.0,13310.0,53858.0
10491,Padstow Heights,2211.0,NSW,Bankstown City Council,-33.973,151.035,1.9307,1711.0,1831.0,3542.0,53858.0
10492,Pagewood,2035.0,NSW,Bayside Council,-33.9406443,151.2154524,2.1981000000000006,1880.0,1925.0,3805.0,75547.0
10493,Palm Beach,2108.0,NSW,Northern Beaches Council,-33.601111,151.321667,2.7162,811.0,779.0,1590.0,230330.0
10494,Panania,2213.0,NSW,Bankstown City Council,-33.95793,151.002,4.7507,6035.0,6390.0,12425.0,58825.0
10495,Parklea,2768.0,NSW,City of Blacktown,-33.7291,150.919,1.0605,2239.0,1231.0,3470.0,62160.0
10496,Parramatta,2150.0,NSW,,-33.8135571,151.003407,5.2594999999999965,13422.0,12381.0,25803.0,52675.0
10497,Peakhurst,2210.0,NSW,Hurstville City Council,-33.9654,151.0502,3.7064999999999984,5006.0,5537.0,10543.0,55741.0
10498,Peakhurst Heights,2210.0,NSW,Hurstville City Council,-33.981667,151.051111,0.8726999999999999,1168.0,1170.0,2338.0,55741.0
10499,Pemulwuy,2145.0,NSW,Cumberland Council,-33.817,150.926,3.777400000000002,2423.0,2587.0,5010.0,55358.0
10500,Pendle Hill,2145.0,NSW,,-33.80739,150.95518,1.9637999999999998,3671.0,3577.0,7248.0,55358.0
10501,Pennant Hills,2120.0,NSW,The Council of the Shire of Hornsby,-33.738881,151.0723841,6.122799999999996,3571.0,3708.0,7279.0,68726.0
10502,Penrith,2750.0,NSW,Penrith City Council,-33.7506759,150.687674,12.201900000000002,6471.0,6821.0,13292.0,56164.0
10503,Penshurst,2222.0,NSW,,-33.96334700000001,151.0867644,2.5162999999999984,6189.0,6599.0,12788.0,53171.0
10504,Petersham,2049.0,NSW,Inner West Council,-33.8962174,151.1541497,1.287200000000001,4018.0,4101.0,8119.0,72144.0
10505,Phillip Bay,2036.0,NSW,Randwick City Council,-33.9781348,151.2321019,0.6262000000000001,344.0,361.0,705.0,65398.0
10506,Picnic Point,2213.0,NSW,Bankstown City Council,-33.96929,151.00624,3.8591,3006.0,3150.0,6156.0,58825.0
10507,Pitt Town,2756.0,NSW,Hawkesbury City Council,-33.5816502,150.8667511,12.598300000000002,1520.0,1515.0,3035.0,58226.0
10508,Pitt Town Bottoms,2756.0,NSW,Hawkesbury City Council,-33.5840997,150.8463985,5.7256,67.0,37.0,104.0,58226.0
10509,Pleasure Point,2172.0,NSW,City of Liverpool,-33.96776,150.978,1.5499999999999998,270.0,257.0,527.0,71593.0
10510,Plumpton,2761.0,NSW,City of Blacktown,-33.7514593,150.8412545,2.9582000000000006,4475.0,4728.0,9203.0,52776.0
10511,Point Piper,2027.0,NSW,Woollahra Municipal Council,-33.87045,151.25097,0.38620000000000004,701.0,723.0,1424.0,187769.0
10512,Port Botany,2036.0,NSW,Randwick City Council,-33.976,151.218,1.2286000000000001,0.0,0.0,0.0,65398.0
10513,Port Hacking,2229.0,NSW,Sutherland Shire,-34.069,151.1227,0.4066,522.0,566.0,1088.0,74623.0
10514,Potts Hill,2143.0,NSW,Bankstown City Council,-33.89,151.03,1.1278,433.0,459.0,892.0,45722.0
10515,Potts Point,2011.0,NSW,Council of the City of Sydney,-33.86795,151.22411,0.6204000000000001,5757.0,3671.0,9428.0,96522.0
10516,Prairiewood,2176.0,NSW,Fairfield City Council,-33.861,150.9048,2.1338999999999992,1596.0,1648.0,3244.0,51269.0
10517,Prestons,2170.0,NSW,City of Liverpool,-33.9422412,150.8673973,9.2145,7536.0,7779.0,15315.0,51139.0
10518,Prospect,2148.0,NSW,City of Blacktown,-33.7981153,150.9176528,13.7758,2350.0,2361.0,4711.0,49049.0
10519,Punchbowl,2196.0,NSW,,-33.9324629,151.049487,35.4268,0.0,0.0,0.0,45565.0
10520,Putney,2112.0,NSW,City of Ryde,-33.827,151.106,1.5078999999999998,1985.0,2117.0,4102.0,64746.0
10521,Pymble,2073.0,NSW,Ku-ring-gai Council,-33.7456508,151.1431794,6.567800000000002,5188.0,5867.0,11055.0,104469.0
10522,Pyrmont,2009.0,NSW,Council of the City of Sydney,-33.8737167,151.1956918,0.9324999999999997,6479.0,6332.0,12811.0,82525.0
10523,Quakers Hill,2763.0,NSW,City of Blacktown,-33.7241591,150.8889765,9.727200000000002,13391.0,13686.0,27077.0,56936.0
10524,Queens Park,2022.0,NSW,Waverley Council,-33.901,151.248,0.8435000000000002,1472.0,1600.0,3072.0,88690.0
10525,Queenscliff,2096.0,NSW,Northern Beaches Council,-33.7825,151.284722,0.4227999999999999,1662.0,1713.0,3375.0,93695.0
10526,Raby,2566.0,NSW,Campbelltown City Council,-34.0209207,150.8173282,2.6588000000000003,2888.0,3057.0,5945.0,49773.0
10527,Ramsgate,2217.0,NSW,,-33.98194,151.14007,0.42800000000000005,542.0,573.0,1115.0,56033.0
10528,Ramsgate Beach,2217.0,NSW,Bayside Council,-33.982,151.148,0.40280000000000005,758.0,901.0,1659.0,56033.0
10529,Randwick,2031.0,NSW,Randwick City Council,-33.9131545,151.2420352,5.308199999999999,14303.0,15690.0,29993.0,90205.0
10530,Redfern,2016.0,NSW,Council of the City of Sydney,-33.892963,151.2053979,1.1717000000000004,7180.0,6031.0,13211.0,73941.0
10531,Regents Park,2143.0,NSW,,-33.88572,151.02833,1.9867999999999997,2470.0,2456.0,4926.0,45722.0
10532,Regentville,2745.0,NSW,Penrith City Council,-33.7711622,150.6604462,1.1938,415.0,390.0,805.0,63640.0
10533,Revesby,2212.0,NSW,Bankstown City Council,-33.9452471,151.018035,5.607600000000003,6858.0,7314.0,14172.0,53633.0
10534,Revesby Heights,2212.0,NSW,Bankstown City Council,-33.96806,151.01773,0.8012000000000001,793.0,883.0,1676.0,53633.0
10535,Rhodes,2138.0,NSW,City of Canada Bay Council,-33.82821,151.08569,1.0061000000000004,5843.0,6064.0,11907.0,62319.0
10536,Richmond,2753.0,NSW,Hawkesbury City Council,-33.6,150.75,26.812899999999996,2604.0,2874.0,5478.0,56367.0
10537,Richmond Lowlands,2753.0,NSW,Hawkesbury City Council,-33.5824255,150.7504879,7.6659,21.0,26.0,47.0,56367.0
10538,Riverstone,2765.0,NSW,,-33.6819,150.8594,22.464699999999993,3621.0,3625.0,7246.0,59890.0
10539,Riverview,2066.0,NSW,Lane Cove Municipal Council,-33.82466,151.1622,1.3719000000000001,1877.0,1476.0,3353.0,99324.0
10540,Riverwood,2210.0,NSW,,-33.95086149999999,151.0523782,3.8383999999999996,5953.0,6142.0,12095.0,55741.0
10541,Rockdale,2216.0,NSW,Bayside Council,-33.9529076,151.1375572,2.4768000000000003,8051.0,7485.0,15536.0,51558.0
10542,Rodd Point,2046.0,NSW,City of Canada Bay Council,-33.86607,151.14366,0.3742000000000001,637.0,740.0,1377.0,83192.0
10543,Rookwood,2141.0,NSW,Cumberland Council,-33.87276,151.05562,3.015,3.0,0.0,3.0,44740.0
10544,Rooty Hill,2766.0,NSW,City of Blacktown,-33.7715246,150.843841,6.807500000000002,7241.0,7461.0,14702.0,51372.0
10545,Ropes Crossing,2760.0,NSW,City of Blacktown,-33.733,150.791,5.503,2984.0,3189.0,6173.0,50268.0
10546,Rose Bay,2029.0,NSW,,-33.8754209,151.265623,2.5547,4674.0,5377.0,10051.0,117913.0
10547,Rosebery,2018.0,NSW,,-33.9221918,151.201678,1.927899999999999,5077.0,5035.0,10112.0,57443.0
10548,Rosehill,2142.0,NSW,City of Parramatta Council,-33.8239653,151.0212029,3.670300000000001,2025.0,1785.0,3810.0,43919.0
10549,Roselands,2196.0,NSW,Canterbury City Council,-33.9369131,151.074461,2.7447000000000004,5717.0,5859.0,11576.0,45565.0
10550,Rosemeadow,2560.0,NSW,Campbelltown City Council,-34.107,150.793,2.9755000000000007,3772.0,4085.0,7857.0,51254.0
10551,Roseville,2069.0,NSW,,-33.7842176,151.1894277,3.9229999999999983,4888.0,5197.0,10085.0,116849.0
10552,Roseville Chase,2069.0,NSW,Ku-ring-gai Council,-33.7755896,151.2000449,1.2645,809.0,803.0,1612.0,116849.0
10553,Rossmore,2557.0,NSW,,-33.9224,150.76964,16.3461,1197.0,1088.0,2285.0,59705.0
10554,Rouse Hill,2155.0,NSW,,-33.68162,150.91552,10.638000000000005,4012.0,3957.0,7969.0,68262.0
10555,Royal National Park,2233.0,NSW,Sutherland Shire,-34.0751136,151.0558127,139.15650000000002,11.0,17.0,28.0,60538.0
10556,Rozelle,2039.0,NSW,Inner West Council,-33.8638543,151.1701171,1.8336999999999999,4172.0,4553.0,8725.0,101616.0
10557,Ruse,2560.0,NSW,Campbelltown City Council,-34.071,150.8423,2.5955999999999997,2725.0,2857.0,5582.0,51254.0
10558,Rushcutters Bay,2011.0,NSW,Council of the City of Sydney,-33.8742991,151.2284588,0.15739999999999998,1287.0,1261.0,2548.0,96522.0
10559,Russell Lea,2046.0,NSW,City of Canada Bay Council,-33.859471,151.14244,1.0204000000000002,2380.0,2621.0,5001.0,83192.0
10560,Rydalmere,2116.0,NSW,City of Parramatta Council,-33.8123245,151.0417591,3.7996,3284.0,3355.0,6639.0,54654.0
10561,Ryde,2112.0,NSW,City of Ryde,-33.8157466,151.1030164,7.0954999999999995,12901.0,13599.0,26500.0,64746.0
10562,Sackville,2756.0,NSW,Hawkesbury City Council,-33.4876359,150.8696588,5.0889,149.0,145.0,294.0,58226.0
10563,Sackville North,2756.0,NSW,The Hills Shire,-33.481667,150.884722,13.0907,157.0,151.0,308.0,58226.0
10564,Sadleir,2168.0,NSW,City of Liverpool,-33.9164233,150.8914686,0.8992,1562.0,1572.0,3134.0,46804.0
10565,Sandringham,2219.0,NSW,Bayside Council,-33.99861080000001,151.1395914,0.4953,594.0,645.0,1239.0,66263.0
10566,Sandy Point,2172.0,NSW,Sutherland Shire,-33.976,150.9926,0.39849999999999997,303.0,285.0,588.0,71593.0
10567,Sans Souci,2219.0,NSW,,-33.98898,151.1393,3.0651000000000006,4885.0,5415.0,10300.0,66263.0
10568,Scheyville,2756.0,NSW,Hawkesbury City Council,-33.6112,150.88291,7.412000000000001,3.0,9.0,12.0,58226.0
10569,Schofields,2762.0,NSW,City of Blacktown,-33.7,150.8833,13.875200000000001,2509.0,2473.0,4982.0,59466.0
10570,Scotland Island,2105.0,NSW,Northern Beaches Council,-33.6395909,151.290404,0.546,298.0,282.0,580.0,99047.0
10571,Seaforth,2092.0,NSW,Northern Beaches Council,-33.796,151.238,3.1079000000000003,3442.0,3699.0,7141.0,124729.0
10572,Sefton,2162.0,NSW,Bankstown City Council,-33.88836,151.00713,1.8147999999999997,2915.0,2891.0,5806.0,45880.0
10573,Seven Hills,2147.0,NSW,,-33.7779167,150.931946,9.629000000000003,9750.0,9582.0,19332.0,54103.0
10574,Shalvey,2770.0,NSW,City of Blacktown,-33.7270571,150.8057017,1.5839000000000003,1663.0,1805.0,3468.0,46062.0
10575,Shanes Park,2747.0,NSW,City of Blacktown,-33.71118,150.77224,8.7517,210.0,198.0,408.0,54181.0
10576,Silverwater,2128.0,NSW,City of Parramatta Council,-33.8339902,151.0482995,2.700000000000001,2758.0,1406.0,4164.0,49961.0
10577,Singletons Mill,2775.0,NSW,The Council of the Shire of Hornsby,-33.4729767,151.0733379,6.024,0.0,3.0,3.0,55480.0
10578,Smeaton Grange,2567.0,NSW,Camden Council,-34.035,150.757,2.7708999999999997,10.0,8.0,18.0,60526.0
10579,Smithfield,2164.0,NSW,,-33.8535722,150.9406861,8.914900000000003,5932.0,6040.0,11972.0,50647.0
10580,South Coogee,2034.0,NSW,Randwick City Council,-33.933,151.259,1.1321999999999999,2579.0,2919.0,5498.0,91092.0
10581,South Granville,2142.0,NSW,Cumberland Council,-33.8577224,151.0107506,2.1908,2776.0,2717.0,5493.0,43919.0
10582,South Hurstville,2221.0,NSW,Kogarah City Council,-33.98,151.1035,1.0416999999999998,2464.0,2674.0,5138.0,71605.0
10583,South Maroota,2756.0,NSW,The Hills Shire,-33.5241,150.9485,34.860200000000006,285.0,272.0,557.0,58226.0
10584,South Penrith,2750.0,NSW,Penrith City Council,-33.7715054,150.7011034,5.060000000000001,5779.0,6013.0,11792.0,56164.0
10585,South Turramurra,2074.0,NSW,Ku-ring-gai Council,-33.7546,151.113,3.0620999999999996,1521.0,1560.0,3081.0,100029.0
10586,South Wentworthville,2145.0,NSW,Cumberland Council,-33.8178167,150.9692855,1.8085000000000002,3110.0,3093.0,6203.0,55358.0
10587,South Windsor,2756.0,NSW,Hawkesbury City Council,-33.62535,150.80437,8.905199999999997,2854.0,3040.0,5894.0,58226.0
10588,Spring Farm,2570.0,NSW,Camden Council,-34.072,150.718,6.356899999999998,2141.0,2167.0,4308.0,62726.0
10589,St Andrews,2566.0,NSW,Campbelltown City Council,-34.0197745,150.8334745,2.0822000000000003,2892.0,2835.0,5727.0,49773.0
10590,St Clair,2759.0,NSW,Penrith City Council,-33.7987,150.7824,48.767700000000005,0.0,3.0,3.0,55050.0
10591,St Helens Park,2560.0,NSW,Campbelltown City Council,-34.1105,150.8079,5.164799999999999,3214.0,3392.0,6606.0,51254.0
10592,St Ives,2075.0,NSW,Ku-ring-gai Council,-33.72136,151.16844,14.263600000000004,8241.0,9060.0,17301.0,92670.0
10593,St Ives Chase,2075.0,NSW,Ku-ring-gai Council,-33.711,151.1595,3.4791,1552.0,1606.0,3158.0,92670.0
10594,St Johns Park,2176.0,NSW,Fairfield City Council,-33.8847,150.907,1.9818999999999993,2962.0,3161.0,6123.0,51269.0
10595,St Leonards,2065.0,NSW,,-33.8227402,151.1942171,0.8014000000000001,2727.0,2769.0,5496.0,97501.0
10596,St Marys,2760.0,NSW,,-33.769979,150.7734575,9.6958,6049.0,6145.0,12194.0,50268.0
10597,St Peters,2044.0,NSW,,-33.9155155,151.1746184,1.7295999999999998,1590.0,1550.0,3140.0,65839.0
10598,Stanhope Gardens,2768.0,NSW,City of Blacktown,-33.723,150.926,2.8402,4490.0,4672.0,9162.0,62160.0
10599,Stanmore,2048.0,NSW,Inner West Council,-33.8934542,151.1643805,1.2179999999999997,3939.0,4002.0,7941.0,78042.0
10600,Strathfield,2135.0,NSW,,-33.8774826,151.0823602,6.571600000000002,12931.0,12883.0,25814.0,66012.0
10601,Strathfield South,2136.0,NSW,Strathfield Municipal Council,-33.8943055,151.0830083,2.5111999999999997,1743.0,1804.0,3547.0,57076.0
10602,Summer Hill,2130.0,NSW,Inner West Council,-33.891841,151.1379367,1.2031,3553.0,3751.0,7304.0,72852.0
10603,Surry Hills,2010.0,NSW,Council of the City of Sydney,-33.886111,151.211111,1.3163999999999998,9431.0,6985.0,16416.0,88233.0
10604,Sutherland,2232.0,NSW,Sutherland Shire,-34.0297415,151.059275,3.571100000000001,5189.0,5628.0,10817.0,63598.0
10605,Sydenham,2044.0,NSW,Inner West Council,-33.9158055,151.1679944,0.2704,578.0,562.0,1140.0,65839.0
10606,Sydney,2000.0,NSW,Council of the City of Sydney,-33.8688197,151.2092955,2.9396999999999993,8814.0,8437.0,17251.0,66698.0
10607,Sydney Olympic Park,2127.0,NSW,,-33.8465088,151.0722137,6.628500000000001,900.0,834.0,1734.0,62634.0
10608,Sylvania,2224.0,NSW,Sutherland Shire,-34.0080021,151.1056919,3.3755000000000006,4951.0,5532.0,10483.0,70637.0
10609,Sylvania Waters,2224.0,NSW,Sutherland Shire,-34.02318,151.11156,1.0601,1588.0,1578.0,3166.0,70637.0
10610,Tamarama,2026.0,NSW,Waverley Council,-33.898,151.268,0.3001000000000001,789.0,835.0,1624.0,94839.0
10611,Taren Point,2229.0,NSW,Sutherland Shire,-34.01909,151.12028,1.3585999999999998,779.0,949.0,1728.0,74623.0
10612,Telopea,2117.0,NSW,City of Parramatta Council,-33.79417,151.03802,1.5106000000000002,2668.0,2757.0,5425.0,56133.0
10613,Tempe,2044.0,NSW,Inner West Council,-33.925048,151.1604169,1.8539,1760.0,1793.0,3553.0,65839.0
10614,Tennyson,2754.0,NSW,Hawkesbury City Council,-33.536944,150.7375,8.703100000000001,182.0,200.0,382.0,55639.0
10615,Tennyson Point,2111.0,NSW,City of Ryde,-33.832435,151.116938,0.44910000000000005,616.0,602.0,1218.0,87513.0
10616,Terrey Hills,2084.0,NSW,Northern Beaches Council,-33.683,151.223,8.446800000000001,1498.0,1534.0,3032.0,101705.0
10617,The Ponds,2769.0,NSW,City of Blacktown,-33.703,150.909,4.6535,5843.0,5894.0,11737.0,68712.0
10618,The Rocks,2000.0,NSW,Council of the City of Sydney,-33.85985,151.20901,0.2042,429.0,346.0,775.0,66698.0
10619,The Slopes,2754.0,NSW,Hawkesbury City Council,-33.5328009,150.7069125,3.5039000000000002,164.0,171.0,335.0,55639.0
10620,Thornleigh,2120.0,NSW,The Council of the Shire of Hornsby,-33.7261791,151.0841467,3.869999999999999,4164.0,4302.0,8466.0,68726.0
10621,Toongabbie,2146.0,NSW,,-33.7841326,150.95429,4.733399999999999,7190.0,7147.0,14337.0,53252.0
10622,Tregear,2770.0,NSW,City of Blacktown,-33.75,150.7944,1.6417,1915.0,1975.0,3890.0,46062.0
10623,Turramurra,2074.0,NSW,Ku-ring-gai Council,-33.733499,151.1279841,6.0012,5776.0,6146.0,11922.0,100029.0
10624,Turrella,2205.0,NSW,Bayside Council,-33.93297,151.14079,0.6398,1283.0,1230.0,2513.0,53023.0
10625,Ultimo,2007.0,NSW,Council of the City of Sydney,-33.88223,151.19696,0.5588,4250.0,4592.0,8842.0,46529.0
10626,Varroville,2566.0,NSW,Campbelltown City Council,-34.00758,150.8151,7.2602,58.0,57.0,115.0,49773.0
10627,Vaucluse,2030.0,NSW,,-33.85582,151.2712,3.081900000000001,4421.0,4918.0,9339.0,178282.0
10628,Villawood,2163.0,NSW,,-33.881495,150.9821162,3.925599999999999,3223.0,2810.0,6033.0,41024.0
10629,Vineyard,2765.0,NSW,,-33.65021,150.85619,11.0127,577.0,587.0,1164.0,59890.0
10630,Voyager Point,2172.0,NSW,City of Liverpool,-33.959,150.979,1.7302,846.0,817.0,1663.0,71593.0
10631,Wahroonga,2076.0,NSW,,-33.7186308,151.1103686,9.765700000000006,8363.0,9003.0,17366.0,92932.0
10632,Waitara,2077.0,NSW,The Council of the Shire of Hornsby,-33.7083472,151.1068252,0.7616999999999999,2850.0,3093.0,5943.0,59469.0
10633,Wakeley,2176.0,NSW,Fairfield City Council,-33.8762,150.9123,1.6292000000000004,2321.0,2425.0,4746.0,51269.0
10634,Wallacia,2745.0,NSW,,-33.865,150.64,25.5343,840.0,785.0,1625.0,63640.0
10635,Wareemba,2046.0,NSW,City of Canada Bay Council,-33.8574937,151.1323094,0.317,697.0,849.0,1546.0,83192.0
10636,Warrawee,2074.0,NSW,Ku-ring-gai Council,-33.7289366,151.1218346,1.3376000000000001,1475.0,1518.0,2993.0,100029.0
10637,Warriewood,2102.0,NSW,Northern Beaches Council,-33.69404,151.30093,4.1945,3599.0,3894.0,7493.0,74929.0
10638,Warwick Farm,2170.0,NSW,City of Liverpool,-33.911343,150.9381637,4.6126999999999985,3023.0,2865.0,5888.0,51139.0
10639,Waterfall,2233.0,NSW,Sutherland Shire,-34.1424139,150.9918338,17.582900000000002,244.0,246.0,490.0,60538.0
10640,Waterloo,2017.0,NSW,Council of the City of Sydney,-33.9002604,151.2061803,1.1338,7650.0,6971.0,14621.0,66025.0
10641,Watsons Bay,2030.0,NSW,Woollahra Municipal Council,-33.8398183,151.2816573,0.6077,418.0,426.0,844.0,178282.0
10642,Wattle Grove,2173.0,NSW,City of Liverpool,-33.9492164,150.9424079,2.591100000000001,4424.0,4535.0,8959.0,59669.0
10643,Waverley,2024.0,NSW,Waverley Council,-33.899693,151.2554202,0.6006999999999999,1945.0,2401.0,4346.0,117744.0
10644,Waverton,2060.0,NSW,North Sydney Council,-33.84016,151.19543,0.6990000000000002,1427.0,1597.0,3024.0,113216.0
10645,Wedderburn,2560.0,NSW,Campbelltown City Council,-34.12612,150.81789,25.3761,328.0,304.0,632.0,51254.0
10646,Wentworth Point,2127.0,NSW,City of Parramatta Council,-33.828026,151.0769775,0.5739,3369.0,3627.0,6996.0,62634.0
10647,Wentworthville,2145.0,NSW,,-33.8059112,150.9701895,3.101099999999998,5830.0,5487.0,11317.0,55358.0
10648,Werrington,2747.0,NSW,Penrith City Council,-33.75943,150.74708,4.507799999999998,1967.0,2059.0,4026.0,54181.0
10649,Werrington County,2747.0,NSW,Penrith City Council,-33.7478023,150.7475824,2.0898000000000008,1815.0,1827.0,3642.0,54181.0
10650,Werrington Downs,2747.0,NSW,Penrith City Council,-33.73910000000001,150.7273,1.1091999999999997,1633.0,1620.0,3253.0,54181.0
10651,West Hoxton,2171.0,NSW,City of Liverpool,-33.93569,150.8308,6.7081,5044.0,4965.0,10009.0,56360.0
10652,West Killara,2071.0,NSW,Ku-ring-gai Council,-33.76864,151.16347,,,,,107590.0
10653,West Lindfield,2070.0,NSW,Ku-ring-gai Council,-33.7816232,151.1490935,,,,,113215.0
10654,West Pennant Hills,2125.0,NSW,,-33.7529959,151.0257317,9.2916,8080.0,8293.0,16373.0,79247.0
10655,West Pymble,2073.0,NSW,Ku-ring-gai Council,-33.7619959,151.1280668,3.683599999999999,2573.0,2725.0,5298.0,104469.0
10656,West Ryde,2114.0,NSW,City of Ryde,-33.8067672,151.0824602,3.5659999999999994,6536.0,6856.0,13392.0,60221.0
10657,Westleigh,2120.0,NSW,The Council of the Shire of Hornsby,-33.72299,151.07064,3.8210000000000006,2188.0,2275.0,4463.0,68726.0
10658,Westmead,2145.0,NSW,,-33.8085661,150.9869597,2.9448,8224.0,8090.0,16314.0,55358.0
10659,Wetherill Park,2164.0,NSW,Fairfield City Council,-33.84975000000001,150.91101,11.214299999999996,3035.0,3089.0,6124.0,50647.0
10660,Whalan,2770.0,NSW,City of Blacktown,-33.7583,150.8083,2.4294000000000002,2877.0,3095.0,5972.0,46062.0
10661,Whale Beach,2107.0,NSW,Northern Beaches Council,-33.6131448,151.3304989,0.4972999999999999,120.0,136.0,256.0,84194.0
10662,Wheeler Heights,2097.0,NSW,Northern Beaches Council,-33.7315,151.28016,0.8520000000000002,1432.0,1562.0,2994.0,81898.0
10663,Wilberforce,2756.0,NSW,Hawkesbury City Council,-33.55944,150.84055,32.1025,1523.0,1478.0,3001.0,58226.0
10664,Wiley Park,2195.0,NSW,Canterbury City Council,-33.9228671,151.0683887,1.3622,5342.0,4789.0,10131.0,41139.0
10665,Willmot,2770.0,NSW,City of Blacktown,-33.7254,150.79238,0.9147999999999998,1165.0,1268.0,2433.0,46062.0
10666,Willoughby,2068.0,NSW,City of Willoughby,-33.8071059,151.1993737,1.6276999999999995,3092.0,3448.0,6540.0,114502.0
10667,Willoughby East,2068.0,NSW,City of Willoughby,-33.799,151.206,0.5612,919.0,906.0,1825.0,114502.0
10668,Windsor,2756.0,NSW,Hawkesbury City Council,-33.615,150.817222,4.1339999999999995,914.0,975.0,1889.0,58226.0
10669,Windsor Downs,2756.0,NSW,Hawkesbury City Council,-33.657,150.81,7.5757,625.0,557.0,1182.0,58226.0
10670,Winston Hills,2153.0,NSW,,-33.7773471,150.9745309,4.7387,5655.0,6019.0,11674.0,64558.0
10671,Wisemans Ferry,2775.0,NSW,,-33.381944,150.985,13.4673,103.0,113.0,216.0,55480.0
10672,Wolli Creek,2205.0,NSW,Bayside Council,-33.9299813,151.1534281,0.6613999999999999,3239.0,3152.0,6391.0,53023.0
10673,Wollstonecraft,2065.0,NSW,North Sydney Council,-33.83356,151.19128,1.2006999999999994,3855.0,4470.0,8325.0,97501.0
10674,Woodbine,2560.0,NSW,Campbelltown City Council,-34.0494108,150.8196748,1.1953000000000003,1415.0,1326.0,2741.0,51254.0
10675,Woodcroft,2767.0,NSW,City of Blacktown,-33.759,150.878,1.6929999999999996,3162.0,3282.0,6444.0,51814.0
10676,Woodpark,2164.0,NSW,Cumberland Council,-33.84182699999999,150.962577,0.38660000000000005,754.0,772.0,1526.0,50647.0
10677,Woollahra,2025.0,NSW,Woollahra Municipal Council,-33.8864746,151.2422139,1.2307000000000003,3370.0,4036.0,7406.0,141215.0
10678,Woolloomooloo,2011.0,NSW,,-33.870400000000004,151.2223,0.3722,2275.0,1731.0,4006.0,96522.0
10679,Woolooware,2230.0,NSW,Sutherland Shire,-34.04788,151.14113,1.8599,1934.0,2022.0,3956.0,80580.0
10680,Woolwich,2110.0,NSW,The Council of the Municipality of Hunters Hill,-33.8417,151.16968,0.6987,383.0,434.0,817.0,156069.0
10681,Woronora,2232.0,NSW,Sutherland Shire,-34.02772,151.04152,1.8812999999999995,1116.0,1082.0,2198.0,63598.0
10682,Woronora Heights,2233.0,NSW,Sutherland Shire,-34.030434,151.030555,2.599399999999999,1419.0,1433.0,2852.0,60538.0
10683,Yagoona,2199.0,NSW,Bankstown City Council,-33.9073112,151.0204821,4.618000000000002,8999.0,9012.0,18011.0,45717.0
10684,Yarramundi,2753.0,NSW,Hawkesbury City Council,-33.6222,150.6709,32.307100000000005,432.0,403.0,835.0,56367.0
10685,Yarrawarrah,2233.0,NSW,Sutherland Shire,-34.0552,151.0321,1.2438,1334.0,1398.0,2732.0,60538.0
10686,Yennora,2161.0,NSW,,-33.8627,150.966,2.7387,804.0,816.0,1620.0,44431.0
10687,Yowie Bay,2228.0,NSW,Sutherland Shire,-34.04977,151.10334,1.2045,1497.0,1575.0,3072.0,65044.0
10688,Zetland,2017.0,NSW,Council of the City of Sydney,-33.908,151.2105,0.8048000000000002,5027.0,5051.0,10078.0,66025.0
